"Status","FileName","FilePath","FilenameWorkID","NormalizedFileTitle","MatchWorkID","MatchTitle","MatchYear","MatchRepository","MatchDetailPath","Score","Reason","Alternatives"
"CONFIDENT","500-Pound Poultry with KFC RE-001679.png","D:\github\Painting-Heroes-2\_incoming\500-Pound Poultry with KFC RE-001679.png","RE-001679","500 pound poultry with kfc","RE-001679","500-Pound Poultry with KFC","2024","ron-english-paintings-2020s","D:\github\ron-english-paintings-2020s\detail\paintings\2020s\2024\500-Pound-Poultry-with-KFC.html","1","Filename Work ID exactly matches one catalogue record.",""
"CONFIDENT","alien_frog_brain PAINTING EDITED BY XIMENA.png","D:\github\Painting-Heroes-2\_incoming\alien_frog_brain PAINTING EDITED BY XIMENA.png","","alien frog brain","RE-001690","Alien Frog Brain","2025","ron-english-paintings-2020s","D:\github\ron-english-paintings-2020s\detail\paintings\2020s\2025\Alien-Frog-Brain.html","1","Normalized filename exactly matches one catalogue title.",""
"CONFIDENT","Aqua Ape Surfer Girl WORK ON PAPER EDITED BY XIMENA.png","D:\github\Painting-Heroes-2\_incoming\Aqua Ape Surfer Girl WORK ON PAPER EDITED BY XIMENA.png","","aqua ape surfer girl","RE-001510","Aqua Ape Surfer Girl","2019","ron-english-paintings-2010s","D:\github\ron-english-paintings-2010s\detail\paintings\2010s\2019\Aqua-Ape-Surfer-Girl.html","1","Normalized filename exactly matches one catalogue title.",""
"CONFIDENT","Baby Bigfoot PAINTING EDITED BY XIMENA T.png","D:\github\Painting-Heroes-2\_incoming\Baby Bigfoot PAINTING EDITED BY XIMENA T.png","","baby bigfoot","RE-016644","Baby Bigfoot","2013","ron-english-paintings-2010s","D:\github\ron-english-paintings-2010s\detail\paintings\2010s\2013\Baby-Bigfoot.html","1","Normalized filename exactly matches one catalogue title.",""
"CONFIDENT","Baby Frankenstein PAINTING EDITED BY XIMENA.png","D:\github\Painting-Heroes-2\_incoming\Baby Frankenstein PAINTING EDITED BY XIMENA.png","","baby frankenstein","RE-001161","Baby Frankenstein","2013","ron-english-paintings-2010s","D:\github\ron-english-paintings-2010s\detail\paintings\2010s\2013\Baby-Frankenstein.html","1","Normalized filename exactly matches one catalogue title.",""
"CONFIDENT","Backyard Camo Buck and Doe RE-001278.png","D:\github\Painting-Heroes-2\_incoming\Backyard Camo Buck and Doe RE-001278.png","RE-001278","backyard camo buck and doe","RE-001278","Camo Buck and Doe","2015","ron-english-paintings-2010s","D:\github\ron-english-paintings-2010s\detail\paintings\2010s\2015\Camo-Buck-and-Doe.html","1","Filename Work ID exactly matches one catalogue record.",""
"CONFIDENT","barney_grin_stencil_1 EDITED BY XIMENA.png","D:\github\Painting-Heroes-2\_incoming\barney_grin_stencil_1 EDITED BY XIMENA.png","","barney grin stencil 1","RE-001691","Barney Grin Stencil 1","2025","ron-english-paintings-2020s","D:\github\ron-english-paintings-2020s\detail\paintings\2020s\2025\Barney-Grin-Stencil-1.html","1","Normalized filename exactly matches one catalogue title.",""
"CONFIDENT","Bat Rabbbit PAINTING EDITED BY XIMENA.png","D:\github\Painting-Heroes-2\_incoming\Bat Rabbbit PAINTING EDITED BY XIMENA.png","","bat rabbbit","RE-001591","Bat Rabbbit","2021","ron-english-paintings-2020s","D:\github\ron-english-paintings-2020s\detail\paintings\2020s\2021\Bat-Rabbbit.html","1","Normalized filename exactly matches one catalogue title.",""
"CONFIDENT","Batbrain PAINTING EDITED BY XIMENA.png","D:\github\Painting-Heroes-2\_incoming\Batbrain PAINTING EDITED BY XIMENA.png","","batbrain","RE-001592","Batbrain","2021","ron-english-paintings-2020s","D:\github\ron-english-paintings-2020s\detail\paintings\2020s\2021\Batbrain-with-Travie-McCoy.html","1","Normalized filename exactly matches one catalogue title.",""
"CONFIDENT","Batman Grin; oil, acrylic and spraypaint on canvas, 20 x 30 2017 EDITED BY XIMENA.png","D:\github\Painting-Heroes-2\_incoming\Batman Grin; oil, acrylic and spraypaint on canvas, 20 x 30 2017 EDITED BY XIMENA.png","","batman grin","RE-001376","Batman Grin","2017","ron-english-paintings-2010s","D:\github\ron-english-paintings-2010s\detail\paintings\2010s\2017\Batman-Grin.html","1","Normalized filename exactly matches one catalogue title.",""
"CONFIDENT","Batman ORIGINAL EDITED BY XIMENA.png","D:\github\Painting-Heroes-2\_incoming\Batman ORIGINAL EDITED BY XIMENA.png","","batman","RE-000777","Batman","2008","ron-english-paintings-2000s","D:\github\ron-english-paintings-2000s\detail\paintings\2000s\2008\Batman.html","1","Normalized filename exactly matches one catalogue title.",""
"CONFIDENT","beau lief chapel RE-001759.png","D:\github\Painting-Heroes-2\_incoming\beau lief chapel RE-001759.png","RE-001759","beau lief chapel","RE-001759","Beau Lief Chapel","2026","ron-english-paintings-2020s","D:\github\ron-english-paintings-2020s\detail\paintings\2020s\2026\Beau-Lief-Chapel.html","1","Filename Work ID exactly matches one catalogue record.",""
"CONFIDENT","Big DuckRE-001763.png","D:\github\Painting-Heroes-2\_incoming\Big DuckRE-001763.png","RE-001763","big duck","RE-001763","Big Duck","2025","ron-english-paintings-2020s","D:\github\ron-english-paintings-2020s\detail\paintings\2020s\2025\Big-Duck.html","1","Filename Work ID exactly matches one catalogue record.",""
"CONFIDENT","Bigfoot Boy PAINTING EDITED BY XIMENA.png","D:\github\Painting-Heroes-2\_incoming\Bigfoot Boy PAINTING EDITED BY XIMENA.png","","bigfoot boy","RE-000653","Bigfoot Boy","2006","ron-english-paintings-2000s","D:\github\ron-english-paintings-2000s\detail\paintings\2000s\2006\Bigfoot-Boy-Missing-Link.html","1","Normalized filename exactly matches one catalogue title.",""
"CONFIDENT","bronze_mousemask EDITED BY XIMENA.png","D:\github\Painting-Heroes-2\_incoming\bronze_mousemask EDITED BY XIMENA.png","","bronze mousemask","RE-001693","Bronze Mousemask","2025","ron-english-paintings-2020s","D:\github\ron-english-paintings-2020s\detail\paintings\2020s\2025\Bronze-Mousemask.html","1","Normalized filename exactly matches one catalogue title.",""
"CONFIDENT","Bunnny in the Land of the Lost PAINTING EDITED BY XIMENA T.png","D:\github\Painting-Heroes-2\_incoming\Bunnny in the Land of the Lost PAINTING EDITED BY XIMENA T.png","","bunnny in the land of the lost","RE-001664","Bunnny in the Land of the Lost","2023","ron-english-paintings-2020s","D:\github\ron-english-paintings-2020s\detail\paintings\2020s\2023\Bunnny-in-the-Land-of-the-Lost.html","1","Normalized filename exactly matches one catalogue title.",""
"CONFIDENT","Caged Calf PAINTING EDITED BY XIMENA.png","D:\github\Painting-Heroes-2\_incoming\Caged Calf PAINTING EDITED BY XIMENA.png","","caged calf","RE-001164","Caged Calf","2013","ron-english-paintings-2010s","D:\github\ron-english-paintings-2010s\detail\paintings\2010s\2013\Caged-Calf.html","1","Normalized filename exactly matches one catalogue title.",""
"CONFIDENT","Camo Buck and Doe RE-001567.png","D:\github\Painting-Heroes-2\_incoming\Camo Buck and Doe RE-001567.png","RE-001567","camo buck and doe","RE-001567","Camo Buck and Doe","2020","ron-english-paintings-2020s","D:\github\ron-english-paintings-2020s\detail\paintings\2020s\2020\Camo-Buck-and-Doe.html","1","Filename Work ID exactly matches one catalogue record.",""
"CONFIDENT","Camo Deer Family at Reservoir PAINTING EDITED BY XIMENA T.png","D:\github\Painting-Heroes-2\_incoming\Camo Deer Family at Reservoir PAINTING EDITED BY XIMENA T.png","","camo deer family at reservoir","RE-000958","Camo Deer Family at Reservoir","2010","ron-english-paintings-2010s","D:\github\ron-english-paintings-2010s\detail\paintings\2010s\2010\Camo-Deer-Family-at-Reservoir.html","1","Normalized filename exactly matches one catalogue title.",""
"CONFIDENT","Captain America and the Snake PAINTING EDITED BY XIMENA.png","D:\github\Painting-Heroes-2\_incoming\Captain America and the Snake PAINTING EDITED BY XIMENA.png","","captain america and the snake","RE-000322","Captain America and the Snake","1998","ron-english-paintings-1990s","D:\github\ron-english-paintings-1990s\detail\paintings\1990s\1998\English-Johnston-Collaboration-Captain-America-and-the-Snake.html","1","Normalized filename exactly matches one catalogue title.",""
"CONFIDENT","Captain America RE-000786.png","D:\github\Painting-Heroes-2\_incoming\Captain America RE-000786.png","RE-000786","captain america","RE-000786","Captain America","2008","ron-english-paintings-2000s","D:\github\ron-english-paintings-2000s\detail\paintings\2000s\2008\Captain-America.html","1","Filename Work ID exactly matches one catalogue record.",""
"CONFIDENT","Caterpillar Hookah Collage PAINTING EDITED BY XIMENA.png","D:\github\Painting-Heroes-2\_incoming\Caterpillar Hookah Collage PAINTING EDITED BY XIMENA.png","","caterpillar hookah","RE-001034","Caterpillar Hookah Collage","2011","ron-english-paintings-2010s","D:\github\ron-english-paintings-2010s\detail\paintings\2010s\2011\Caterpillar-Hookah-Collage.html","1","Normalized filename exactly matches one catalogue title.",""
"CONFIDENT","Cathy PAINTING EDITED BY XIMENA.png","D:\github\Painting-Heroes-2\_incoming\Cathy PAINTING EDITED BY XIMENA.png","","cathy","RE-001280","Cathy","2015","ron-english-paintings-2010s","D:\github\ron-english-paintings-2010s\detail\paintings\2010s\2015\Cathy.html","1","Normalized filename exactly matches one catalogue title.",""
"CONFIDENT","Cereal Killers Last Stand PAINTING EDITED BY XIMENA.png","D:\github\Painting-Heroes-2\_incoming\Cereal Killers Last Stand PAINTING EDITED BY XIMENA.png","","cereal killers last stand","RE-001628","Cereal Killers Last Stand","2022","ron-english-paintings-2020s","D:\github\ron-english-paintings-2020s\detail\paintings\2020s\2022\Cereal-Killers-Last-Stand.html","1","Normalized filename exactly matches one catalogue title.",""
"CONFIDENT","charlie_grin stencil EDITED BY XIMENA.png","D:\github\Painting-Heroes-2\_incoming\charlie_grin stencil EDITED BY XIMENA.png","","charlie grin stencil","RE-001695","Charlie Grin Stencil","2025","ron-english-paintings-2020s","D:\github\ron-english-paintings-2020s\detail\paintings\2020s\2025\Charlie-Grin-Stencil.html","1","Normalized filename exactly matches one catalogue title.",""
"CONFIDENT","Clown Faced Clown Basquiat PAINTING EDITED BY XIMENA.png","D:\github\Painting-Heroes-2\_incoming\Clown Faced Clown Basquiat PAINTING EDITED BY XIMENA.png","","clown faced clown basquiat","RE-001570","Clown Faced Clown Basquiat","2020","ron-english-paintings-2020s","D:\github\ron-english-paintings-2020s\detail\paintings\2020s\2020\Clown-Faced-Clown-Basquiat.html","1","Normalized filename exactly matches one catalogue title.",""
"CONFIDENT","Clown Faced Combrat Basquiat PAINTING EDITED BY XIMENA T.png","D:\github\Painting-Heroes-2\_incoming\Clown Faced Combrat Basquiat PAINTING EDITED BY XIMENA T.png","","clown faced combrat basquiat","RE-001571","Clown Faced Combrat Basquiat","2020","ron-english-paintings-2020s","D:\github\ron-english-paintings-2020s\detail\paintings\2020s\2020\Clown-Faced-Combrat-Basquiat.html","1","Normalized filename exactly matches one catalogue title.",""
"CONFIDENT","Cointreau 1.png","D:\github\Painting-Heroes-2\_incoming\Cointreau 1.png","","cointreau 1","RE-014739","Cointreau 1","1985","ron-english-paintings-1980s","D:\github\ron-english-paintings-1980s\detail\paintings\1980s\1985\Cointreau-1.html","1","Normalized filename exactly matches one catalogue title.",""
"CONFIDENT","Cointreau 2.png","D:\github\Painting-Heroes-2\_incoming\Cointreau 2.png","","cointreau 2","RE-014738","Cointreau 2","1985","ron-english-paintings-1980s","D:\github\ron-english-paintings-1980s\detail\paintings\1980s\1985\Cointreau-2.html","1","Normalized filename exactly matches one catalogue title.",""
"CONFIDENT","Cointreau 3.png","D:\github\Painting-Heroes-2\_incoming\Cointreau 3.png","","cointreau 3","RE-014740","Cointreau 3","1985","ron-english-paintings-1980s","D:\github\ron-english-paintings-1980s\detail\paintings\1980s\1985\Cointreau-3.html","1","Normalized filename exactly matches one catalogue title.",""
"CONFIDENT","Comic Book Plaid PAINTING EDITED BY XIMENA.png","D:\github\Painting-Heroes-2\_incoming\Comic Book Plaid PAINTING EDITED BY XIMENA.png","","comic book plaid","RE-001102","Comic Book Plaid","2012","ron-english-paintings-2010s","D:\github\ron-english-paintings-2010s\detail\paintings\2010s\2012\Comic-Book-Plaid.html","1","Normalized filename exactly matches one catalogue title.",""
"CONFIDENT","Couture Storm Trooper PAINTING EDITED BY XIMENA.png","D:\github\Painting-Heroes-2\_incoming\Couture Storm Trooper PAINTING EDITED BY XIMENA.png","","couture storm trooper","RE-001630","Couture Storm Trooper","2022","ron-english-paintings-2020s","D:\github\ron-english-paintings-2020s\detail\paintings\2020s\2022\Couture-Storm-Trooper.html","1","Normalized filename exactly matches one catalogue title.",""
"CONFIDENT","Cowgirl Bikini PAINTING EDITED BY XIMENA T.png","D:\github\Painting-Heroes-2\_incoming\Cowgirl Bikini PAINTING EDITED BY XIMENA T.png","","cowgirl bikini","","Cowgirl Bikini","2005","ron-english-paintings-2000s","D:\github\ron-english-paintings-2000s\detail\paintings\2000s\2005\Cowgirl-Bikini-Monotone.html","1","Normalized filename exactly matches one catalogue title.",""
"CONFIDENT","Creation of Infinity PAINTING EDITED BY XIMENA T.png","D:\github\Painting-Heroes-2\_incoming\Creation of Infinity PAINTING EDITED BY XIMENA T.png","","creation of infinity","RE-001665","Creation of Infinity","2023","ron-english-paintings-2020s","D:\github\ron-english-paintings-2020s\detail\paintings\2020s\2023\Creation-of-Infinity.html","1","Normalized filename exactly matches one catalogue title.",""
"CONFIDENT","Dandy Warhol Portrait - Butterfly Eyes RE-000503.png","D:\github\Painting-Heroes-2\_incoming\Dandy Warhol Portrait - Butterfly Eyes RE-000503.png","RE-000503","dandy warhol portrait butterfly eyes","RE-000503","Dandy Warhol Portrait – Butterfly Eyes","2002","ron-english-paintings-2000s","D:\github\ron-english-paintings-2000s\detail\paintings\2000s\2002\Dandy-Warhol-Portrait-Butterfly-Eyes.html","1","Filename Work ID exactly matches one catalogue record.",""
"CONFIDENT","Dandy Warhol Portrait - Check Mate Tornado RE-000504.png","D:\github\Painting-Heroes-2\_incoming\Dandy Warhol Portrait - Check Mate Tornado RE-000504.png","RE-000504","dandy warhol portrait check mate tornado","RE-000504","Dandy Warhol Portrait – Check Mate Tornado","2002","ron-english-paintings-2000s","D:\github\ron-english-paintings-2000s\detail\paintings\2000s\2002\Dandy-Warhol-Portrait-Check-Mate-Tornado.html","1","Filename Work ID exactly matches one catalogue record.",""
"CONFIDENT","Dino Grenade PAINTING EDITED BY XIMENA.jpg","D:\github\Painting-Heroes-2\_incoming\Dino Grenade PAINTING EDITED BY XIMENA.jpg","","dino grenade","RE-001220","Dino Grenade","2014","ron-english-paintings-2010s","D:\github\ron-english-paintings-2010s\detail\paintings\2010s\2014\Dino-Grenade.html","1","Normalized filename exactly matches one catalogue title.",""
"CONFIDENT","dog face shell.png","D:\github\Painting-Heroes-2\_incoming\dog face shell.png","","dog face shell","RE-001764","Dog Face Shell","2026","ron-english-paintings-2020s","D:\github\ron-english-paintings-2020s\detail\paintings\2020s\2026\Dog-Face-Shell.html","1","Normalized filename exactly matches one catalogue title.",""
"CONFIDENT","Don't Slip WORK ON PAPER EDITED BY XIMENA.png","D:\github\Painting-Heroes-2\_incoming\Don't Slip WORK ON PAPER EDITED BY XIMENA.png","","don t slip","RE-000101","Don't Slip","1991","ron-english-paintings-1990s","D:\github\ron-english-paintings-1990s\detail\paintings\1990s\1991\Dont-Slip.html","1","Normalized filename exactly matches one catalogue title.",""
"CONFIDENT","Double Cloud Rabbbits PAINTING EDITED BY XIMENA.png","D:\github\Painting-Heroes-2\_incoming\Double Cloud Rabbbits PAINTING EDITED BY XIMENA.png","","double cloud rabbbits","RE-000662","Double Cloud Rabbbits","2006","ron-english-paintings-2000s","D:\github\ron-english-paintings-2000s\detail\paintings\2000s\2006\Double-Cloud-Rabbbits.html","1","Normalized filename exactly matches one catalogue title.",""
"CONFIDENT","dove_grenade EDITED BY XIMENA.png","D:\github\Painting-Heroes-2\_incoming\dove_grenade EDITED BY XIMENA.png","","dove grenade","RE-001696","Dove Grenade","2025","ron-english-paintings-2020s","D:\github\ron-english-paintings-2020s\detail\paintings\2020s\2025\Dove-Grenade.html","1","Normalized filename exactly matches one catalogue title.",""
"CONFIDENT","Dr. Bub Quack RE-001460.png","D:\github\Painting-Heroes-2\_incoming\Dr. Bub Quack RE-001460.png","RE-001460","dr bub quack","RE-001460","Dr. Bub Quack","2018","ron-english-paintings-2010s","D:\github\ron-english-paintings-2010s\detail\paintings\2010s\2018\Dr.-Bub-Quack.html","1","Filename Work ID exactly matches one catalogue record.",""
"CONFIDENT","duck mermaid RE-011986.png","D:\github\Painting-Heroes-2\_incoming\duck mermaid RE-011986.png","RE-011986","duck mermaid","RE-011986","Duck Mermaid","2025","ron-english-paintings-2020s","D:\github\ron-english-paintings-2020s\detail\paintings\2020s\2025\Duck-Mermaid.html","1","Filename Work ID exactly matches one catalogue record.",""
"CONFIDENT","Elefanka in Rainbow Camo PAINTING EDITED BY XIMENA.png","D:\github\Painting-Heroes-2\_incoming\Elefanka in Rainbow Camo PAINTING EDITED BY XIMENA.png","","elefanka in rainbow camo","RE-001633","Elefanka in Rainbow Camo","2022","ron-english-paintings-2020s","D:\github\ron-english-paintings-2020s\detail\paintings\2020s\2022\Elefanka-in-Rainbow-Camo.html","1","Normalized filename exactly matches one catalogue title.",""
"CONFIDENT","elefanka on her high horse RE-001766.png","D:\github\Painting-Heroes-2\_incoming\elefanka on her high horse RE-001766.png","RE-001766","elefanka on her high horse","RE-001766","Elefanka on her High Horse","2026","ron-english-paintings-2020s","D:\github\ron-english-paintings-2020s\detail\paintings\2020s\2026\Elefanka-on-her-High-Horse.html","1","Filename Work ID exactly matches one catalogue record.",""
"CONFIDENT","elefanka RE-001697.png","D:\github\Painting-Heroes-2\_incoming\elefanka RE-001697.png","RE-001697","elefanka","RE-001697","Elefanka","2025","ron-english-paintings-2020s","D:\github\ron-english-paintings-2020s\detail\paintings\2020s\2025\Elefanka.html","1","Filename Work ID exactly matches one catalogue record.",""
"CONFIDENT","English - Johnston collaboration - Red Flame Torso RE-000358.png","D:\github\Painting-Heroes-2\_incoming\English - Johnston collaboration - Red Flame Torso RE-000358.png","RE-000358","english johnston collaboration red flame torso","RE-000358","Red Flame Torso","1998","ron-english-paintings-1990s","D:\github\ron-english-paintings-1990s\detail\paintings\1990s\1998\English-Johnston-collaboration-Red-Flame-Torso.html","1","Filename Work ID exactly matches one catalogue record.",""
"CONFIDENT","English - Johnston collaboration - Torso Foam RE-000361.png","D:\github\Painting-Heroes-2\_incoming\English - Johnston collaboration - Torso Foam RE-000361.png","RE-000361","english johnston collaboration torso foam","RE-000361","Torso Foam","1998","ron-english-paintings-1990s","D:\github\ron-english-paintings-1990s\detail\paintings\1990s\1998\English-Johnston-collaboration-Torso-Foam.html","1","Filename Work ID exactly matches one catalogue record.",""
"CONFIDENT","English - Johnston collaboration - You're So Pathetic RE-000369.png","D:\github\Painting-Heroes-2\_incoming\English - Johnston collaboration - You're So Pathetic RE-000369.png","RE-000369","english johnston collaboration you re so pathetic","RE-000369","You’re So Pathetic","1998","ron-english-paintings-1990s","D:\github\ron-english-paintings-1990s\detail\paintings\1990s\1998\English-Johnston-collaboration-Youre-So-Pathetic.html","1","Filename Work ID exactly matches one catalogue record.",""
"CONFIDENT","Expressionist Temper Tot PAINTING EDITED BY XIMENA.png","D:\github\Painting-Heroes-2\_incoming\Expressionist Temper Tot PAINTING EDITED BY XIMENA.png","","expressionist temper tot","RE-001667","Expressionist Temper Tot","2023","ron-english-paintings-2020s","D:\github\ron-english-paintings-2020s\detail\paintings\2020s\2023\Expressionist-Temper-Tot.html","1","Normalized filename exactly matches one catalogue title.",""
"CONFIDENT","eyeball dna dock.png","D:\github\Painting-Heroes-2\_incoming\eyeball dna dock.png","","eyeball dna dock","RE-001767","Eyeball DNA Dock","2026","ron-english-paintings-2020s","D:\github\ron-english-paintings-2020s\detail\paintings\2020s\2026\Eyeball-DNA-Dock.html","1","Normalized filename exactly matches one catalogue title.",""
"CONFIDENT","fairy snail.png","D:\github\Painting-Heroes-2\_incoming\fairy snail.png","","fairy snail","RE-001768","Fairy Snail","2026","ron-english-paintings-2020s","D:\github\ron-english-paintings-2020s\detail\paintings\2020s\2026\Fairy-Snail.html","1","Normalized filename exactly matches one catalogue title.",""
"CONFIDENT","Falla Sheep at the Babel Chapel PAINTING EDITED BY XIMENA T.png","D:\github\Painting-Heroes-2\_incoming\Falla Sheep at the Babel Chapel PAINTING EDITED BY XIMENA T.png","","falla sheep at the babel chapel","RE-001635","Falla Sheep at the Babel Chapel","2022","ron-english-paintings-2020s","D:\github\ron-english-paintings-2020s\detail\paintings\2020s\2022\Falla-Sheep-at-the-Babel-Chapel.html","1","Normalized filename exactly matches one catalogue title.",""
"CONFIDENT","Fat Tony Camo WORK ON PAPER EDITED BY XIMENA.png","D:\github\Painting-Heroes-2\_incoming\Fat Tony Camo WORK ON PAPER EDITED BY XIMENA.png","","fat tony camo","RE-001574","Fat Tony Camo","2020","ron-english-paintings-2020s","D:\github\ron-english-paintings-2020s\detail\paintings\2020s\2020\Fat-Tony-Camo.html","1","Normalized filename exactly matches one catalogue title.",""
"CONFIDENT","Fish Commute PAINTING EDITED BY XIMENA T.png","D:\github\Painting-Heroes-2\_incoming\Fish Commute PAINTING EDITED BY XIMENA T.png","","fish commute","RE-000725","Fish Commute","2007","ron-english-paintings-2000s","D:\github\ron-english-paintings-2000s\detail\paintings\2000s\2007\Fish-commute.html","1","Normalized filename exactly matches one catalogue title.",""
"CONFIDENT","fishbowl_astronaut RE-001698.png","D:\github\Painting-Heroes-2\_incoming\fishbowl_astronaut RE-001698.png","RE-001698","fishbowl astronaut","RE-001698","Fishbowl Astronaut","2025","ron-english-paintings-2020s","D:\github\ron-english-paintings-2020s\detail\paintings\2020s\2025\Fishbowl-Astronaut.html","1","Filename Work ID exactly matches one catalogue record.",""
"CONFIDENT","flower girl profile.png","D:\github\Painting-Heroes-2\_incoming\flower girl profile.png","","flower girl profile","RE-011972","Flower Girl Profile","2026","ron-english-paintings-2020s","D:\github\ron-english-paintings-2020s\detail\paintings\2020s\2026\Flower-Girl-Profile.html","1","Normalized filename exactly matches one catalogue title.",""
"CONFIDENT","flower_girl RE-001699.png","D:\github\Painting-Heroes-2\_incoming\flower_girl RE-001699.png","RE-001699","flower girl","RE-001699","Flower Girl","2025","ron-english-paintings-2020s","D:\github\ron-english-paintings-2020s\detail\paintings\2020s\2025\Flower-Girl.html","1","Filename Work ID exactly matches one catalogue record.",""
"CONFIDENT","forlorn unicorn RE-001700.png","D:\github\Painting-Heroes-2\_incoming\forlorn unicorn RE-001700.png","RE-001700","forlorn unicorn","RE-001700","Forlorn Unicorn","2025","ron-english-paintings-2020s","D:\github\ron-english-paintings-2020s\detail\paintings\2020s\2025\Forlorn-Unicorn.html","1","Filename Work ID exactly matches one catalogue record.",""
"CONFIDENT","Gimme Unipig Portrait PAINTING EDITED BY XIMENA.png","D:\github\Painting-Heroes-2\_incoming\Gimme Unipig Portrait PAINTING EDITED BY XIMENA.png","","gimme unipig portrait","RE-001638","Gimme Unipig Portrait","2022","ron-english-paintings-2020s","D:\github\ron-english-paintings-2020s\detail\paintings\2020s\2022\Gimme-Unipig-Portrait.html","1","Normalized filename exactly matches one catalogue title.",""
"CONFIDENT","graff mousemask.png","D:\github\Painting-Heroes-2\_incoming\graff mousemask.png","","graff mousemask","RE-011974","Graff Mousemask","2026","ron-english-paintings-2020s","D:\github\ron-english-paintings-2020s\detail\paintings\2020s\2026\Graff-Mousemask.html","1","Normalized filename exactly matches one catalogue title.",""
"CONFIDENT","Grand Theft Grin PAINTING EDITED BY XIMENA.png","D:\github\Painting-Heroes-2\_incoming\Grand Theft Grin PAINTING EDITED BY XIMENA.png","","grand theft grin","RE-001681","Grand Theft Grin","2024","ron-english-paintings-2020s","D:\github\ron-english-paintings-2020s\detail\paintings\2020s\2024\Grand-Theft-Grin.html","1","Normalized filename exactly matches one catalogue title.",""
"CONFIDENT","gridiron grab RE-011975.png","D:\github\Painting-Heroes-2\_incoming\gridiron grab RE-011975.png","RE-011975","gridiron grab","RE-011975","Gridiron Grab","2025","ron-english-paintings-2020s","D:\github\ron-english-paintings-2020s\detail\paintings\2020s\2025\Gridiron-Grab.html","1","Filename Work ID exactly matches one catalogue record.",""
"CONFIDENT","Heart of Skull Grin EDITED BY XIMENA.png","D:\github\Painting-Heroes-2\_incoming\Heart of Skull Grin EDITED BY XIMENA.png","","heart of skull grin","","Heart of Skull Grin","2014","ron-english-paintings-2010s","D:\github\ron-english-paintings-2010s\detail\paintings\2010s\2014\Heart-of-Skull-Grin.html","1","Normalized filename exactly matches one catalogue title.",""
"CONFIDENT","heart_skull_stencil RE-001701.png","D:\github\Painting-Heroes-2\_incoming\heart_skull_stencil RE-001701.png","RE-001701","heart skull stencil","RE-001701","Heart Skull Stencil","2025","ron-english-paintings-2020s","D:\github\ron-english-paintings-2020s\detail\paintings\2020s\2025\Heart-Skull-Stencil.html","1","Filename Work ID exactly matches one catalogue record.",""
"CONFIDENT","Heartthrob PAINTING EDITED BY XIMENA.png","D:\github\Painting-Heroes-2\_incoming\Heartthrob PAINTING EDITED BY XIMENA.png","","heartthrob","RE-000107","Heartthrob","1991","ron-english-paintings-1990s","D:\github\ron-english-paintings-1990s\detail\paintings\1990s\1991\Heartthrob.html","1","Normalized filename exactly matches one catalogue title.",""
"CONFIDENT","Hulk Boy RE-000814.png","D:\github\Painting-Heroes-2\_incoming\Hulk Boy RE-000814.png","RE-000814","hulk boy","RE-000814","Hulk Boy","2007","ron-english-paintings-2000s","D:\github\ron-english-paintings-2000s\detail\paintings\2000s\2007\Hulk-Boy.html","1","Filename Work ID exactly matches one catalogue record.",""
"CONFIDENT","Iron Man COLLAGE RE-001059.jpg","D:\github\Painting-Heroes-2\_incoming\Iron Man COLLAGE RE-001059.jpg","RE-001059","iron man","RE-001059","Iron Man Collage","2011","ron-english-paintings-2010s","D:\github\ron-english-paintings-2010s\detail\paintings\2010s\2011\Iron-Man-Collage.html","1","Filename Work ID exactly matches one catalogue record.",""
"CONFIDENT","It's the Caffeine RE-000409.png","D:\github\Painting-Heroes-2\_incoming\It's the Caffeine RE-000409.png","RE-000409","it s the caffeine","RE-000409","It’s the Caffeine","1999","ron-english-paintings-1990s","D:\github\ron-english-paintings-1990s\detail\paintings\1990s\1999\Its-the-caffeine.html","1","Filename Work ID exactly matches one catalogue record.",""
"CONFIDENT","Jason Rockman Grin PAINTING EDITED BY XIMENA.png","D:\github\Painting-Heroes-2\_incoming\Jason Rockman Grin PAINTING EDITED BY XIMENA.png","","jason rockman grin","RE-001683","Jason Rockman Grin","2024","ron-english-paintings-2020s","D:\github\ron-english-paintings-2020s\detail\paintings\2020s\2024\Jason-Rockman-Grin.html","1","Normalized filename exactly matches one catalogue title.",""
"CONFIDENT","Jasper Johns is on the Money PAINTING EDITED BY XIMENA.png","D:\github\Painting-Heroes-2\_incoming\Jasper Johns is on the Money PAINTING EDITED BY XIMENA.png","","jasper johns is on the money","RE-000295","Jasper Johns is on the Money","1997","ron-english-paintings-1990s","D:\github\ron-english-paintings-1990s\detail\paintings\1990s\1997\Jasper-Johns-is-on-the-Money.html","1","Normalized filename exactly matches one catalogue title.",""
"CONFIDENT","jazz quack.ptg EDITED BY XIMENA.png","D:\github\Painting-Heroes-2\_incoming\jazz quack.ptg EDITED BY XIMENA.png","","jazz quack","RE-001537","Jazz Quack","2019","ron-english-paintings-2010s","D:\github\ron-english-paintings-2010s\detail\paintings\2010s\2019\Jazz-Quack.html","1","Normalized filename exactly matches one catalogue title.",""
"CONFIDENT","kaiju clown  RE-011987.png","D:\github\Painting-Heroes-2\_incoming\kaiju clown  RE-011987.png","RE-011987","kaiju clown","RE-011987","Kaiju Clown","2026","ron-english-paintings-2020s","D:\github\ron-english-paintings-2020s\detail\paintings\2020s\2026\Kaiju-Clown.html","1","Filename Work ID exactly matches one catalogue record.",""
"CONFIDENT","Kazakhstan ORIGINAL COLOR EDITED BY XIMENA.png","D:\github\Painting-Heroes-2\_incoming\Kazakhstan ORIGINAL COLOR EDITED BY XIMENA.png","","kazakhstan","RE-001443","Kazakhstan","1998","ron-english-paintings-1990s","D:\github\ron-english-paintings-1990s\detail\paintings\1990s\1998\Kazakhstan.html","1","Normalized filename exactly matches one catalogue title.",""
"CONFIDENT","krusty_grin stencil 1 EDITED BY XIMENA.png","D:\github\Painting-Heroes-2\_incoming\krusty_grin stencil 1 EDITED BY XIMENA.png","","krusty grin stencil 1","RE-001702","Krusty Grin Stencil 1","2025","ron-english-paintings-2020s","D:\github\ron-english-paintings-2020s\detail\paintings\2020s\2025\Krusty-Grin-Stencil-1.html","1","Normalized filename exactly matches one catalogue title.",""
"CONFIDENT","krusty_grin stencil 2 EDITED BY XIMENA.png","D:\github\Painting-Heroes-2\_incoming\krusty_grin stencil 2 EDITED BY XIMENA.png","","krusty grin stencil 2","RE-001703","Krusty Grin Stencil 2","2025","ron-english-paintings-2020s","D:\github\ron-english-paintings-2020s\detail\paintings\2020s\2025\Krusty-Grin-Stencil-2.html","1","Normalized filename exactly matches one catalogue title.",""
"CONFIDENT","lady_lips_stencil_1 EDITED BY XIMENA.png","D:\github\Painting-Heroes-2\_incoming\lady_lips_stencil_1 EDITED BY XIMENA.png","","lady lips stencil 1","RE-001704","Lady Lips Stencil 1","2025","ron-english-paintings-2020s","D:\github\ron-english-paintings-2020s\detail\paintings\2020s\2025\Lady-Lips-Stencil-1.html","1","Normalized filename exactly matches one catalogue title.",""
"CONFIDENT","lady_lips_stencil_2 EDITED BY XIMENA.png","D:\github\Painting-Heroes-2\_incoming\lady_lips_stencil_2 EDITED BY XIMENA.png","","lady lips stencil 2","RE-001705","Lady Lips Stencil 2","2025","ron-english-paintings-2020s","D:\github\ron-english-paintings-2020s\detail\paintings\2020s\2025\Lady-Lips-Stencil-2.html","1","Normalized filename exactly matches one catalogue title.",""
"CONFIDENT","ladyzilla_bunnny RE-001706.png","D:\github\Painting-Heroes-2\_incoming\ladyzilla_bunnny RE-001706.png","RE-001706","ladyzilla bunnny","RE-001706","Ladyzilla with Bunnny","2025","ron-english-paintings-2020s","D:\github\ron-english-paintings-2020s\detail\paintings\2020s\2025\Ladyzilla-Bunnny.html","1","Filename Work ID exactly matches one catalogue record.",""
"CONFIDENT","last_breakfast_with_holyghost RE-001727.png","D:\github\Painting-Heroes-2\_incoming\last_breakfast_with_holyghost RE-001727.png","RE-001727","last breakfast with holyghost","RE-001727","Last Breakfast with Holy Ghost","2025","ron-english-paintings-2020s","D:\github\ron-english-paintings-2020s\detail\paintings\2020s\2025\Last-Breakfast-With-Holyghost.html","1","Filename Work ID exactly matches one catalogue record.",""
"CONFIDENT","liberty_grin RE-001707.png","D:\github\Painting-Heroes-2\_incoming\liberty_grin RE-001707.png","RE-001707","liberty grin","RE-001707","Liberty Grin","2025","ron-english-paintings-2020s","D:\github\ron-english-paintings-2020s\detail\paintings\2020s\2025\Liberty-Grin.html","1","Filename Work ID exactly matches one catalogue record.",""
"CONFIDENT","liberty_grin_stencil_1 EDITED BY XIMENA.png","D:\github\Painting-Heroes-2\_incoming\liberty_grin_stencil_1 EDITED BY XIMENA.png","","liberty grin stencil 1","RE-001708","Liberty Grin Stencil 1","2025","ron-english-paintings-2020s","D:\github\ron-english-paintings-2020s\detail\paintings\2020s\2025\Liberty-Grin-Stencil-1.html","1","Normalized filename exactly matches one catalogue title.",""
"CONFIDENT","light cult guernica panel RE-015238–A.png","D:\github\Painting-Heroes-2\_incoming\light cult guernica panel RE-015238–A.png","RE-015238","light cult guernica panel –a","RE-015238","Light Cult Guernica","2026","ron-english-paintings-2020s","D:\github\ron-english-paintings-2020s\detail\paintings\2020s\2026\Beau-Lief-Triptych.html","1","Filename Work ID exactly matches one catalogue record.",""
"CONFIDENT","light cult guernica panel RE-015238–B.png","D:\github\Painting-Heroes-2\_incoming\light cult guernica panel RE-015238–B.png","RE-015238","light cult guernica panel –b","RE-015238","Light Cult Guernica","2026","ron-english-paintings-2020s","D:\github\ron-english-paintings-2020s\detail\paintings\2020s\2026\Beau-Lief-Triptych.html","1","Filename Work ID exactly matches one catalogue record.",""
"CONFIDENT","light cult guernica panel RE-015238–C.png","D:\github\Painting-Heroes-2\_incoming\light cult guernica panel RE-015238–C.png","RE-015238","light cult guernica panel –c","RE-015238","Light Cult Guernica","2026","ron-english-paintings-2020s","D:\github\ron-english-paintings-2020s\detail\paintings\2020s\2026\Beau-Lief-Triptych.html","1","Filename Work ID exactly matches one catalogue record.",""
"CONFIDENT","li'l bigfootRE-011976.png","D:\github\Painting-Heroes-2\_incoming\li'l bigfootRE-011976.png","RE-011976","li l bigfoot","RE-011976","Li'l Bigfoot","2025","ron-english-paintings-2020s","D:\github\ron-english-paintings-2020s\detail\paintings\2020s\2025\Lil-Bigfoot.html","1","Filename Work ID exactly matches one catalogue record.",""
"CONFIDENT","mc snowglobe.png","D:\github\Painting-Heroes-2\_incoming\mc snowglobe.png","","mc snowglobe","RE-011977","MC Snowglobe","2026","ron-english-paintings-2020s","D:\github\ron-english-paintings-2020s\detail\paintings\2020s\2026\MC-Snowglobe.html","1","Normalized filename exactly matches one catalogue title.",""
"CONFIDENT","mc_supersized RE-001710.png","D:\github\Painting-Heroes-2\_incoming\mc_supersized RE-001710.png","RE-001710","mc supersized","RE-001710","MC Supersized","2025","ron-english-paintings-2020s","D:\github\ron-english-paintings-2020s\detail\paintings\2020s\2025\Mc-Supersized.html","1","Filename Work ID exactly matches one catalogue record.",""
"CONFIDENT","mermaid flower RE-011682.png","D:\github\Painting-Heroes-2\_incoming\mermaid flower RE-011682.png","RE-011682","mermaid flower","RE-011682","Mermaid Flower","2025","ron-english-paintings-2020s","D:\github\ron-english-paintings-2020s\detail\paintings\2020s\2025\Mermaid-Flower.html","1","Filename Work ID exactly matches one catalogue record.",""
"CONFIDENT","mickey_marilyn RE-001709.png","D:\github\Painting-Heroes-2\_incoming\mickey_marilyn RE-001709.png","RE-001709","mickey marilyn","RE-001709","Marilyn Mickies","2025","ron-english-paintings-2020s","D:\github\ron-english-paintings-2020s\detail\paintings\2020s\2025\Mickey-Marilyn.html","1","Filename Work ID exactly matches one catalogue record.",""
"CONFIDENT","mona_lisa_grin RE-001711.png","D:\github\Painting-Heroes-2\_incoming\mona_lisa_grin RE-001711.png","RE-001711","mona lisa grin","RE-001711","Mona Lisa Grin Stencil 1","2025","ron-english-paintings-2020s","D:\github\ron-english-paintings-2020s\detail\paintings\2020s\2025\Mona-Lisa-Grin.html","1","Filename Work ID exactly matches one catalogue record.",""
"CONFIDENT","mona_lisa_grin_stencil_2 EDITED BY XIMENA.png","D:\github\Painting-Heroes-2\_incoming\mona_lisa_grin_stencil_2 EDITED BY XIMENA.png","","mona lisa grin stencil 2","RE-001712","Mona Lisa Grin Stencil 2","2025","ron-english-paintings-2020s","D:\github\ron-english-paintings-2020s\detail\paintings\2020s\2025\Mona-Lisa-Grin-Stencil-2.html","1","Normalized filename exactly matches one catalogue title.",""
"CONFIDENT","monarch_elephant_stencil_1.jpg","D:\github\Painting-Heroes-2\_incoming\monarch_elephant_stencil_1.jpg","","monarch elephant stencil 1","RE-001713","Monarch Elephant Stencil 1","2025","ron-english-paintings-2020s","D:\github\ron-english-paintings-2020s\detail\paintings\2020s\2025\Monarch-Elephant-Stencil-1.html","1","Normalized filename exactly matches one catalogue title.",""
"CONFIDENT","monarch_fish RE-001714.png","D:\github\Painting-Heroes-2\_incoming\monarch_fish RE-001714.png","RE-001714","monarch fish","RE-001714","Monarch Fish","2025","ron-english-paintings-2020s","D:\github\ron-english-paintings-2020s\detail\paintings\2020s\2025\Monarch-Fish.html","1","Filename Work ID exactly matches one catalogue record.",""
"CONFIDENT","Mousemask Home Alone PAINTING EDITED BY XIMENA.png","D:\github\Painting-Heroes-2\_incoming\Mousemask Home Alone PAINTING EDITED BY XIMENA.png","","mousemask home alone","RE-000628","Mousemask Home Alone","2005","ron-english-paintings-2000s","D:\github\ron-english-paintings-2000s\detail\paintings\2000s\2005\Mousemask-Home-Alone.html","1","Normalized filename exactly matches one catalogue title.",""
"CONFIDENT","Mr Fantastic WORK ON PAPER EDITED BY XIMENA.png","D:\github\Painting-Heroes-2\_incoming\Mr Fantastic WORK ON PAPER EDITED BY XIMENA.png","","mr fantastic","RE-000842","Mr Fantastic","2008","ron-english-paintings-2000s","D:\github\ron-english-paintings-2000s\detail\paintings\2000s\2008\Mr-Fantastic.html","1","Normalized filename exactly matches one catalogue title.",""
"CONFIDENT","My Kid Could Do That - Jaws of Life  RE-015554.png","D:\github\Painting-Heroes-2\_incoming\My Kid Could Do That - Jaws of Life  RE-015554.png","RE-015554","my kid could do that jaws of life","RE-015554","My Kid Could Do That - Jaws of Life","1991","ron-english-paintings-1990s","D:\github\ron-english-paintings-1990s\detail\paintings\1990s\1991\My-Kid-Could-Do-That--Jaws-of-Life.html","1","Filename Work ID exactly matches one catalogue record.",""
"CONFIDENT","neurodivergent last supper RE-001731.png","D:\github\Painting-Heroes-2\_incoming\neurodivergent last supper RE-001731.png","RE-001731","neurodivergent last supper","RE-001731","The Neurodivergent Last Supper","2025","ron-english-paintings-2020s","D:\github\ron-english-paintings-2020s\detail\paintings\2020s\2025\The-Neurodivergent-Last-Supper.html","1","Filename Work ID exactly matches one catalogue record.",""
"CONFIDENT","nissin battle.png","D:\github\Painting-Heroes-2\_incoming\nissin battle.png","","nissin battle","RE-016211","Nissin Battle","2026","ron-english-paintings-2020s","D:\github\ron-english-paintings-2020s\detail\paintings\2020s\2026\Nissin-Battle.html","1","Normalized filename exactly matches one catalogue title.",""
"CONFIDENT","nissin hands.png","D:\github\Painting-Heroes-2\_incoming\nissin hands.png","","nissin hands","RE-016215","Nissin Hands","2026","ron-english-paintings-2020s","D:\github\ron-english-paintings-2020s\detail\paintings\2020s\2026\Nissin-Hands.html","1","Normalized filename exactly matches one catalogue title.",""
"CONFIDENT","nissin lightning.png","D:\github\Painting-Heroes-2\_incoming\nissin lightning.png","","nissin lightning","RE-016213","Nissin Lightning","2026","ron-english-paintings-2020s","D:\github\ron-english-paintings-2020s\detail\paintings\2020s\2026\Nissin-Lightning.html","1","Normalized filename exactly matches one catalogue title.",""
"CONFIDENT","nissin pointing.png","D:\github\Painting-Heroes-2\_incoming\nissin pointing.png","","nissin pointing","RE-016301","Nissin Pointing","2026","ron-english-paintings-2020s","D:\github\ron-english-paintings-2020s\detail\paintings\2020s\2026\Nissin-Pointing.html","1","Normalized filename exactly matches one catalogue title.",""
"CONFIDENT","old spongebob RE-001715.png","D:\github\Painting-Heroes-2\_incoming\old spongebob RE-001715.png","RE-001715","old spongebob","RE-001715","Old Spongebob","2025","ron-english-paintings-2020s","D:\github\ron-english-paintings-2020s\detail\paintings\2020s\2025\Old-Spongebob.html","1","Filename Work ID exactly matches one catalogue record.",""
"CONFIDENT","Olive Camo Panel 2 EDITED BY XIMENA.png","D:\github\Painting-Heroes-2\_incoming\Olive Camo Panel 2 EDITED BY XIMENA.png","","olive camo panel 2","RE-000979","Olive Camo Panel 2","2010","ron-english-paintings-2010s","D:\github\ron-english-paintings-2010s\detail\paintings\2010s\2010\Olive-Camo-Panel-2.html","1","Normalized filename exactly matches one catalogue title.",""
"CONFIDENT","Orion Alien Guernica PAINTING EDITED BY XIMENA.png","D:\github\Painting-Heroes-2\_incoming\Orion Alien Guernica PAINTING EDITED BY XIMENA.png","","orion alien guernica","RE-001685","Orion Alien Guernica","2024","ron-english-paintings-2020s","D:\github\ron-english-paintings-2020s\detail\paintings\2020s\2024\Orion-Alien-Guernica.html","1","Normalized filename exactly matches one catalogue title.",""
"CONFIDENT","Painterly Camo Deer PAINTING EDITED BY XIMENA.png","D:\github\Painting-Heroes-2\_incoming\Painterly Camo Deer PAINTING EDITED BY XIMENA.png","","painterly camo deer","RE-001350","Painterly Camo Deer","2016","ron-english-paintings-2010s","D:\github\ron-english-paintings-2010s\detail\paintings\2010s\2016\Painterly-Camo-Deer.html","1","Normalized filename exactly matches one catalogue title.",""
"CONFIDENT","patrick_bride RE-001747.png","D:\github\Painting-Heroes-2\_incoming\patrick_bride RE-001747.png","RE-001747","patrick bride","RE-001747","Bride of Patrick","2025","ron-english-paintings-2020s","D:\github\ron-english-paintings-2020s\detail\paintings\2020s\2025\Patrick-Bride.html","1","Filename Work ID exactly matches one catalogue record.",""
"CONFIDENT","paws profile.png","D:\github\Painting-Heroes-2\_incoming\paws profile.png","","paws profile","RE-011978","Paws Profile","2026","ron-english-paintings-2020s","D:\github\ron-english-paintings-2020s\detail\paintings\2020s\2026\Paws-Profile.html","1","Normalized filename exactly matches one catalogue title.",""
"CONFIDENT","peace_combrat RE-001716.png","D:\github\Painting-Heroes-2\_incoming\peace_combrat RE-001716.png","RE-001716","peace combrat","RE-001716","Peace Combrat","2025","ron-english-paintings-2020s","D:\github\ron-english-paintings-2020s\detail\paintings\2020s\2025\Peace-Combrat.html","1","Filename Work ID exactly matches one catalogue record.",""
"CONFIDENT","Pean's Friend Grin PAINTING EDITED BY XIMENA.png","D:\github\Painting-Heroes-2\_incoming\Pean's Friend Grin PAINTING EDITED BY XIMENA.png","","pean s friend grin","RE-001351","Pean's Friend Grin","2016","ron-english-paintings-2010s","D:\github\ron-english-paintings-2010s\detail\paintings\2010s\2016\Peans-Friend-Grin.html","1","Normalized filename exactly matches one catalogue title.",""
"CONFIDENT","Prepubescent Pop Artist Pink PAINTING EDITED BY XIMENA.png","D:\github\Painting-Heroes-2\_incoming\Prepubescent Pop Artist Pink PAINTING EDITED BY XIMENA.png","","prepubescent pop artist pink","RE-000859","Prepubescent Pop Artist Pink","2008","ron-english-paintings-2000s","D:\github\ron-english-paintings-2000s\detail\paintings\2000s\2008\Prepubescent-Pop-Artist-Pink.html","1","Normalized filename exactly matches one catalogue title.",""
"CONFIDENT","Psycho Camo Deer at Pond PAINTING EDITED BY XIMENA.png","D:\github\Painting-Heroes-2\_incoming\Psycho Camo Deer at Pond PAINTING EDITED BY XIMENA.png","","psycho camo deer at pond","RE-000982","Psycho Camo Deer at Pond","2010","ron-english-paintings-2010s","D:\github\ron-english-paintings-2010s\detail\paintings\2010s\2010\Psycho-Camo-Deer-at-Pond.html","1","Normalized filename exactly matches one catalogue title.",""
"CONFIDENT","punkskunk_landscape RE-001717.png","D:\github\Painting-Heroes-2\_incoming\punkskunk_landscape RE-001717.png","RE-001717","punkskunk landscape","RE-001717","Punk Skunk Landscape","2025","ron-english-paintings-2020s","D:\github\ron-english-paintings-2020s\detail\paintings\2020s\2025\Punkskunk-Landscape.html","1","Filename Work ID exactly matches one catalogue record.",""
"CONFIDENT","R2D2 Grin EDITED BY XIMENA.png","D:\github\Painting-Heroes-2\_incoming\R2D2 Grin EDITED BY XIMENA.png","","r2d2 grin","RE-001356","R2D2 Grin","2015","ron-english-paintings-2010s","D:\github\ron-english-paintings-2010s\detail\paintings\2010s\2015\R2D2-Grin.html","1","Normalized filename exactly matches one catalogue title.",""
"CONFIDENT","Rabbbit and Raccoon WORK ON PAPER EDITED BY XIMENA.png","D:\github\Painting-Heroes-2\_incoming\Rabbbit and Raccoon WORK ON PAPER EDITED BY XIMENA.png","","rabbbit and raccoon","RE-001582","Rabbbit and Raccoon","2020","ron-english-paintings-2020s","D:\github\ron-english-paintings-2020s\detail\paintings\2020s\2020\Rabbbit-and-Raccoon.html","1","Normalized filename exactly matches one catalogue title.",""
"CONFIDENT","rabbbit flower RE-011979.png","D:\github\Painting-Heroes-2\_incoming\rabbbit flower RE-011979.png","RE-011979","rabbbit flower","RE-011979","Rabbbit Flower","2025","ron-english-paintings-2020s","D:\github\ron-english-paintings-2020s\detail\paintings\2020s\2025\Rabbbit-Flower.html","1","Filename Work ID exactly matches one catalogue record.",""
"CONFIDENT","RE-015556.png","D:\github\Painting-Heroes-2\_incoming\RE-015556.png","RE-015556","","RE-015556","My Kid Could Do That - Open Arms","1991","ron-english-paintings-1990s","D:\github\ron-english-paintings-1990s\detail\paintings\1990s\1991\My-Kid-Could-Do-That--Open-Arms.html","1","Filename Work ID exactly matches one catalogue record.",""
"CONFIDENT","RE-015557.png","D:\github\Painting-Heroes-2\_incoming\RE-015557.png","RE-015557","","RE-015557","My Kid Could Do That - Surprising Batman","1991","ron-english-paintings-1990s","D:\github\ron-english-paintings-1990s\detail\paintings\1990s\1991\My-Kid-Could-Do-That--Surprising-Batman.html","1","Filename Work ID exactly matches one catalogue record.",""
"CONFIDENT","Rebel Flag RE-000998.png","D:\github\Painting-Heroes-2\_incoming\Rebel Flag RE-000998.png","RE-000998","rebel flag","RE-000998","Rebel F*ag","2010","ron-english-paintings-2010s","D:\github\ron-english-paintings-2010s\detail\paintings\2010s\2010\Rebel-Fag.html","1","Filename Work ID exactly matches one catalogue record.",""
"CONFIDENT","ribcage_heart RE-001718.png","D:\github\Painting-Heroes-2\_incoming\ribcage_heart RE-001718.png","RE-001718","ribcage heart","RE-001718","Ribcage Heart Stencil 1","2025","ron-english-paintings-2020s","D:\github\ron-english-paintings-2020s\detail\paintings\2020s\2025\Ribcage-Heart.html","1","Filename Work ID exactly matches one catalogue record.",""
"CONFIDENT","ribcage_heart_ RE-001719.png","D:\github\Painting-Heroes-2\_incoming\ribcage_heart_ RE-001719.png","RE-001719","ribcage heart","RE-001719","Ribcage Heart Stencil 2","2025","ron-english-paintings-2020s","D:\github\ron-english-paintings-2020s\detail\paintings\2020s\2025\Ribcage-Heart-2.html","1","Filename Work ID exactly matches one catalogue record.",""
"CONFIDENT","Road Sage PAINTING EDITED BY XIMENA.png","D:\github\Painting-Heroes-2\_incoming\Road Sage PAINTING EDITED BY XIMENA.png","","road sage","RE-000488","Road Sage","2001","ron-english-paintings-2000s","D:\github\ron-english-paintings-2000s\detail\paintings\2000s\2001\Road-Sage.html","1","Normalized filename exactly matches one catalogue title.",""
"CONFIDENT","Ronnnie RE-001720.png","D:\github\Painting-Heroes-2\_incoming\Ronnnie RE-001720.png","RE-001720","ronnnie","RE-001720","Ronnnie Rabbbit with Carrot","2025","ron-english-paintings-2020s","D:\github\ron-english-paintings-2020s\detail\paintings\2020s\2025\Ronnnie.html","1","Filename Work ID exactly matches one catalogue record.",""
"CONFIDENT","santa flower RE-011980.png","D:\github\Painting-Heroes-2\_incoming\santa flower RE-011980.png","RE-011980","santa flower","RE-011980","Santa Flower","2025","ron-english-paintings-2020s","D:\github\ron-english-paintings-2020s\detail\paintings\2020s\2025\Santa-Flower.html","1","Filename Work ID exactly matches one catalogue record.",""
"CONFIDENT","slomo_fishing RE-001721.png","D:\github\Painting-Heroes-2\_incoming\slomo_fishing RE-001721.png","RE-001721","slomo fishing","RE-001721","Slomo Fishing","2025","ron-english-paintings-2020s","D:\github\ron-english-paintings-2020s\detail\paintings\2020s\2025\Slomo-Fishing.html","1","Filename Work ID exactly matches one catalogue record.",""
"CONFIDENT","Some Girls PAINTING EDITED BY XIMENA.png","D:\github\Painting-Heroes-2\_incoming\Some Girls PAINTING EDITED BY XIMENA.png","","some girls","RE-001198","Some Girls","2013","ron-english-paintings-2010s","D:\github\ron-english-paintings-2010s\detail\paintings\2010s\2013\Some-Girls.html","1","Normalized filename exactly matches one catalogue title.",""
"CONFIDENT","Sonic Plume RE-000755.png","D:\github\Painting-Heroes-2\_incoming\Sonic Plume RE-000755.png","RE-000755","sonic plume","RE-000755","Sonic Plume","2007","ron-english-paintings-2000s","D:\github\ron-english-paintings-2000s\detail\paintings\2000s\2007\Sonic-Plume.html","1","Filename Work ID exactly matches one catalogue record.",""
"CONFIDENT","starskull_painting RE-001722.png","D:\github\Painting-Heroes-2\_incoming\starskull_painting RE-001722.png","RE-001722","starskull painting","RE-001722","Star Skull Stencil 1","2025","ron-english-paintings-2020s","D:\github\ron-english-paintings-2020s\detail\paintings\2020s\2025\Starskull-Painting.html","1","Filename Work ID exactly matches one catalogue record.",""
"CONFIDENT","starskull_positive negative stencil RE-001723.png","D:\github\Painting-Heroes-2\_incoming\starskull_positive negative stencil RE-001723.png","RE-001723","starskull positive negative stencil","RE-001723","Star Skull Positive/Negative Stencil","2025","ron-english-paintings-2020s","D:\github\ron-english-paintings-2020s\detail\paintings\2020s\2025\Starskull-Positive-Negative-Stencil.html","1","Filename Work ID exactly matches one catalogue record.",""
"CONFIDENT","starskull_stencil RE-001724.png","D:\github\Painting-Heroes-2\_incoming\starskull_stencil RE-001724.png","RE-001724","starskull stencil","RE-001724","Star Skull Stencil 2","2025","ron-english-paintings-2020s","D:\github\ron-english-paintings-2020s\detail\paintings\2020s\2025\Starskull-Stencil.html","1","Filename Work ID exactly matches one catalogue record.",""
"CONFIDENT","Superman WORK ON PAPER EDITED BY XIMENA.png","D:\github\Painting-Heroes-2\_incoming\Superman WORK ON PAPER EDITED BY XIMENA.png","","superman","RE-000870","Superman","2008","ron-english-paintings-2000s","D:\github\ron-english-paintings-2000s\detail\paintings\2000s\2008\Superman.html","1","Normalized filename exactly matches one catalogue title.",""
"CONFIDENT","Swamp Thing WORK ON PAPER EDITED BY XIMENA.png","D:\github\Painting-Heroes-2\_incoming\Swamp Thing WORK ON PAPER EDITED BY XIMENA.png","","swamp thing","RE-000871","Swamp Thing","2008","ron-english-paintings-2000s","D:\github\ron-english-paintings-2000s\detail\paintings\2000s\2008\Swamp-Thing.html","1","Normalized filename exactly matches one catalogue title.",""
"CONFIDENT","swordfish_trombone EDITED BY XIMENA.png","D:\github\Painting-Heroes-2\_incoming\swordfish_trombone EDITED BY XIMENA.png","","swordfish trombone","RE-001725","Swordfish Trombone","2025","ron-english-paintings-2020s","D:\github\ron-english-paintings-2020s\detail\paintings\2020s\2025\Swordfish-Trombone.html","1","Normalized filename exactly matches one catalogue title.",""
"CONFIDENT","teddy_grinRE-001726.png","D:\github\Painting-Heroes-2\_incoming\teddy_grinRE-001726.png","RE-001726","teddy grin","RE-001726","Teddy Grin","2025","ron-english-paintings-2020s","D:\github\ron-english-paintings-2020s\detail\paintings\2020s\2025\Teddy-Grin.html","1","Filename Work ID exactly matches one catalogue record.",""
"CONFIDENT","temper tot landscape EDITED BY XIMENA.png","D:\github\Painting-Heroes-2\_incoming\temper tot landscape EDITED BY XIMENA.png","","temper tot landscape","RE-001751","Temper Tot Landscape","2025","ron-english-paintings-2020s","D:\github\ron-english-paintings-2020s\detail\paintings\2020s\2025\Temper-Tot-Landscape.html","1","Normalized filename exactly matches one catalogue title.",""
"CONFIDENT","temper totRE-011982.png","D:\github\Painting-Heroes-2\_incoming\temper totRE-011982.png","RE-011982","temper tot","RE-011982","Temper Tot","2025","ron-english-paintings-2020s","D:\github\ron-english-paintings-2020s\detail\paintings\2020s\2025\Temper-Tot.html","1","Filename Work ID exactly matches one catalogue record.",""
"CONFIDENT","tempertot on green stencil  RE-001728.png","D:\github\Painting-Heroes-2\_incoming\tempertot on green stencil  RE-001728.png","RE-001728","tempertot on green stencil","RE-001728","Temper Tot on Green Stencil","2025","ron-english-paintings-2020s","D:\github\ron-english-paintings-2020s\detail\paintings\2020s\2025\Tempertot-On-Green-Stencil.html","1","Filename Work ID exactly matches one catalogue record.",""
"CONFIDENT","tempertot on white stencil RE-001729.png","D:\github\Painting-Heroes-2\_incoming\tempertot on white stencil RE-001729.png","RE-001729","tempertot on white stencil","RE-001729","Temper Tot on White Stencil","2025","ron-english-paintings-2020s","D:\github\ron-english-paintings-2020s\detail\paintings\2020s\2025\Tempertot-On-White-Stencil.html","1","Filename Work ID exactly matches one catalogue record.",""
"CONFIDENT","the ugliest man in the universe RE-011971.png","D:\github\Painting-Heroes-2\_incoming\the ugliest man in the universe RE-011971.png","RE-011971","the ugliest man in the universe","RE-011971","The Ugliest Man in the Universe","2026","ron-english-paintings-2020s","D:\github\ron-english-paintings-2020s\detail\paintings\2020s\2026\The-Ugliest-Man-in-the-Universe.html","1","Filename Work ID exactly matches one catalogue record.",""
"CONFIDENT","Thor WORK ON PAPER EDITED BY XIMENA.png","D:\github\Painting-Heroes-2\_incoming\Thor WORK ON PAPER EDITED BY XIMENA.png","","thor","RE-000874","Thor","2008","ron-english-paintings-2000s","D:\github\ron-english-paintings-2000s\detail\paintings\2000s\2008\Thor.html","1","Normalized filename exactly matches one catalogue title.",""
"CONFIDENT","unicorn_balloon RE-001732.png","D:\github\Painting-Heroes-2\_incoming\unicorn_balloon RE-001732.png","RE-001732","unicorn balloon","RE-001732","Unicorn Balloon","2025","ron-english-paintings-2020s","D:\github\ron-english-paintings-2020s\detail\paintings\2020s\2025\Unicorn-Balloon.html","1","Filename Work ID exactly matches one catalogue record.",""
"CONFIDENT","unionjack_ladylips  RE-001733.png","D:\github\Painting-Heroes-2\_incoming\unionjack_ladylips  RE-001733.png","RE-001733","unionjack ladylips","RE-001733","Union Jack Lady Lips","2025","ron-english-paintings-2020s","D:\github\ron-english-paintings-2020s\detail\paintings\2020s\2025\Unionjack-Ladylips.html","1","Filename Work ID exactly matches one catalogue record.",""
"CONFIDENT","unipig  RE-001734.png","D:\github\Painting-Heroes-2\_incoming\unipig  RE-001734.png","RE-001734","unipig","RE-001734","Unipig","2025","ron-english-paintings-2020s","D:\github\ron-english-paintings-2020s\detail\paintings\2020s\2025\Unipig.html","1","Filename Work ID exactly matches one catalogue record.",""
"CONFIDENT","urban_bigfoot_stencil EDITED BY XIMENA.png","D:\github\Painting-Heroes-2\_incoming\urban_bigfoot_stencil EDITED BY XIMENA.png","","urban bigfoot stencil","RE-001735","Urban Bigfoot Stencil","2025","ron-english-paintings-2020s","D:\github\ron-english-paintings-2020s\detail\paintings\2020s\2025\Urban-Bigfoot-Stencil.html","1","Normalized filename exactly matches one catalogue title.",""
"CONFIDENT","Walter Water Aqua Ape RE-001561.png","D:\github\Painting-Heroes-2\_incoming\Walter Water Aqua Ape RE-001561.png","RE-001561","walter water aqua ape","RE-001561","Walter Waters Aqua Ape","2019","ron-english-paintings-2010s","D:\github\ron-english-paintings-2010s\detail\paintings\2010s\2019\Walter-Water-Aqua-Ape.html","1","Filename Work ID exactly matches one catalogue record.",""
"CONFIDENT","weed seed.png","D:\github\Painting-Heroes-2\_incoming\weed seed.png","","weed seed","RE-011984","Weed Seed","2026","ron-english-paintings-2020s","D:\github\ron-english-paintings-2020s\detail\paintings\2020s\2026\Weed-Seed.html","1","Normalized filename exactly matches one catalogue title.",""
"CONFIDENT","yinyang_teens RE-001736.png","D:\github\Painting-Heroes-2\_incoming\yinyang_teens RE-001736.png","RE-001736","yinyang teens","RE-001736","Yin Yang Teenagers","2025","ron-english-paintings-2020s","D:\github\ron-english-paintings-2020s\detail\paintings\2020s\2025\Yinyang-Teens.html","1","Filename Work ID exactly matches one catalogue record.",""
"CONFIDENT","Young Andy Monotone PAINTING EDITED BY XIMENA.png","D:\github\Painting-Heroes-2\_incoming\Young Andy Monotone PAINTING EDITED BY XIMENA.png","","young andy monotone","RE-000648","Young Andy Monotone","2005","ron-english-paintings-2000s","D:\github\ron-english-paintings-2000s\detail\paintings\2000s\2005\Young-Andy-Monotone.html","1","Normalized filename exactly matches one catalogue title.",""
"CONFIDENT","Young Brain PAINTING EDITED BY XIMENA.png","D:\github\Painting-Heroes-2\_incoming\Young Brain PAINTING EDITED BY XIMENA.png","","young brain","RE-001265","Young Brain","2014","ron-english-paintings-2010s","D:\github\ron-english-paintings-2010s\detail\paintings\2010s\2014\Young-Brain.html","1","Normalized filename exactly matches one catalogue title.",""
"CONFIDENT","Younger Waters Aqua Ape WORK ON PAPER EDITED BY XIMENA.png","D:\github\Painting-Heroes-2\_incoming\Younger Waters Aqua Ape WORK ON PAPER EDITED BY XIMENA.png","","younger waters aqua ape","RE-001564","Younger Waters Aqua Ape","2019","ron-english-paintings-2010s","D:\github\ron-english-paintings-2010s\detail\paintings\2010s\2019\Younger-Waters-Aqua-Ape.html","1","Normalized filename exactly matches one catalogue title.",""
"CONFIDENT","You're Not in Disneyland AnymoreRE-000764.png","D:\github\Painting-Heroes-2\_incoming\You're Not in Disneyland AnymoreRE-000764.png","RE-000764","you re not in disneyland anymore","RE-000764","You're Not in Disneyland Anymore","2007","ron-english-paintings-2000s","D:\github\ron-english-paintings-2000s\detail\paintings\2000s\2007\Youre-Not-in-Disneyland-Anymore.html","1","Filename Work ID exactly matches one catalogue record.",""
"CONFIDENT","Zebra Unicorn PAINTING EDITED BY XIMENA.png","D:\github\Painting-Heroes-2\_incoming\Zebra Unicorn PAINTING EDITED BY XIMENA.png","","zebra unicorn","RE-000568","Zebra Unicorn","2003","ron-english-paintings-2000s","D:\github\ron-english-paintings-2000s\detail\paintings\2000s\2003\Zebra-Unicorn.html","1","Normalized filename exactly matches one catalogue title.",""
"CONFIDENT","zelefanka  RE-001654.png","D:\github\Painting-Heroes-2\_incoming\zelefanka  RE-001654.png","RE-001654","zelefanka","RE-001654","Zelefanka","2022","ron-english-paintings-2020s","D:\github\ron-english-paintings-2020s\detail\paintings\2020s\2022\Zelefanka.html","1","Filename Work ID exactly matches one catalogue record.",""
"CONFIDENT","Zelephant RE-001266.png","D:\github\Painting-Heroes-2\_incoming\Zelephant RE-001266.png","RE-001266","zelephant","RE-001266","Zelephant","2014","ron-english-paintings-2010s","D:\github\ron-english-paintings-2010s\detail\paintings\2010s\2014\Zelephant.html","1","Filename Work ID exactly matches one catalogue record.",""
"CONFIDENT","zelephant RE-001737.jpg","D:\github\Painting-Heroes-2\_incoming\zelephant RE-001737.jpg","RE-001737","zelephant","RE-001737","Zelephant","2025","ron-english-paintings-2020s","D:\github\ron-english-paintings-2020s\detail\paintings\2020s\2025\Zelephant.html","1","Filename Work ID exactly matches one catalogue record.",""
"CONFIDENT","zelephant RE-001737.png","D:\github\Painting-Heroes-2\_incoming\zelephant RE-001737.png","RE-001737","zelephant","RE-001737","Zelephant","2025","ron-english-paintings-2020s","D:\github\ron-english-paintings-2020s\detail\paintings\2020s\2025\Zelephant.html","1","Filename Work ID exactly matches one catalogue record.",""
"CONFIDENT","Zembo Boy I PAINTING EDITED BY XIMENA.png","D:\github\Painting-Heroes-2\_incoming\Zembo Boy I PAINTING EDITED BY XIMENA.png","","zembo boy i","RE-000765","Zembo Boy I","2007","ron-english-paintings-2000s","D:\github\ron-english-paintings-2000s\detail\paintings\2000s\2007\Zembo-Boy-I.html","1","Normalized filename exactly matches one catalogue title.",""
"CONFIDENT","Zembo Boy II PAINTING EDITED BY XIMENA.png","D:\github\Painting-Heroes-2\_incoming\Zembo Boy II PAINTING EDITED BY XIMENA.png","","zembo boy ii","RE-000766","Zembo Boy II","2007","ron-english-paintings-2000s","D:\github\ron-english-paintings-2000s\detail\paintings\2000s\2007\Zembo-Boy-IIa.html","1","Normalized filename exactly matches one catalogue title.",""
"CONFIDENT","Zembo Boy Sad PAINTING EDITED BY XIMENA.png","D:\github\Painting-Heroes-2\_incoming\Zembo Boy Sad PAINTING EDITED BY XIMENA.png","","zembo boy sad","RE-000767","Zembo Boy Sad","2007","ron-english-paintings-2000s","D:\github\ron-english-paintings-2000s\detail\paintings\2000s\2007\Zembo-Boy-Sad.html","1","Normalized filename exactly matches one catalogue title.",""
"CONFIDENT","Zembo Boy Serious PAINTING EDITED BY XIMENA.png","D:\github\Painting-Heroes-2\_incoming\Zembo Boy Serious PAINTING EDITED BY XIMENA.png","","zembo boy serious","RE-000768","Zembo Boy Serious","2007","ron-english-paintings-2000s","D:\github\ron-english-paintings-2000s\detail\paintings\2000s\2007\Zembo-Boy-Serious.html","1","Normalized filename exactly matches one catalogue title.",""
"CONFIDENT","Zembo Boy Smoking 1 PAINTING EDITED BY XIMENA.png","D:\github\Painting-Heroes-2\_incoming\Zembo Boy Smoking 1 PAINTING EDITED BY XIMENA.png","","zembo boy smoking 1","RE-000769","Zembo Boy Smoking 1","2007","ron-english-paintings-2000s","D:\github\ron-english-paintings-2000s\detail\paintings\2000s\2007\Zembo-Boy-Smoking-1.html","1","Normalized filename exactly matches one catalogue title.",""
"CONFIDENT","Zembo Boy Smoking 2 PAINTING EDITED BY XIMENA.png","D:\github\Painting-Heroes-2\_incoming\Zembo Boy Smoking 2 PAINTING EDITED BY XIMENA.png","","zembo boy smoking 2","RE-000770","Zembo Boy Smoking 2","2007","ron-english-paintings-2000s","D:\github\ron-english-paintings-2000s\detail\paintings\2000s\2007\Zembo-Boy-Smoking-2.html","1","Normalized filename exactly matches one catalogue title.",""
"CONFIDENT","Zembo Boy Smoking 3 PAINTING EDITED BY XIMENA.png","D:\github\Painting-Heroes-2\_incoming\Zembo Boy Smoking 3 PAINTING EDITED BY XIMENA.png","","zembo boy smoking 3","RE-000771","Zembo Boy Smoking 3","2007","ron-english-paintings-2000s","D:\github\ron-english-paintings-2000s\detail\paintings\2000s\2007\Zembo-Boy-Smoking-3.html","1","Normalized filename exactly matches one catalogue title.",""
"CONFIDENT","Zembo Tramp Boy PAINTING detail.JPG","D:\github\Painting-Heroes-2\_incoming\Zembo Tramp Boy PAINTING detail.JPG","","zembo tramp boy","RE-000772","Zembo Tramp Boy","2007","ron-english-paintings-2000s","D:\github\ron-english-paintings-2000s\detail\paintings\2000s\2007\Zembo-Tramp-Boy.html","1","Normalized filename exactly matches one catalogue title.",""
"CONFIDENT","Zembo Tramp Boy PAINTING EDITED BY XIMENA.png","D:\github\Painting-Heroes-2\_incoming\Zembo Tramp Boy PAINTING EDITED BY XIMENA.png","","zembo tramp boy","RE-000772","Zembo Tramp Boy","2007","ron-english-paintings-2000s","D:\github\ron-english-paintings-2000s\detail\paintings\2000s\2007\Zembo-Tramp-Boy.html","1","Normalized filename exactly matches one catalogue title.",""
"CONFIDENT","Zephyr Kursed PAINTING EDITED BY XIMENA T.png","D:\github\Painting-Heroes-2\_incoming\Zephyr Kursed PAINTING EDITED BY XIMENA T.png","","zephyr kursed","RE-001018","Zephyr Kursed","2010","ron-english-paintings-2010s","D:\github\ron-english-paintings-2010s\detail\paintings\2010s\2010\Zephyr-Kursed.html","1","Normalized filename exactly matches one catalogue title.",""
"CONFIDENT","Zephyr Portrait EDITED BY XIMENA.png","D:\github\Painting-Heroes-2\_incoming\Zephyr Portrait EDITED BY XIMENA.png","","zephyr portrait","RE-000946","Zephyr Portrait","2009","ron-english-paintings-2000s","D:\github\ron-english-paintings-2000s\detail\paintings\2000s\2009\Zephyr-Portrait.html","1","Normalized filename exactly matches one catalogue title.",""
"CONFIDENT","Zephyr the Angel Mermaid PAINTING EDITED BY XIMENA.png","D:\github\Painting-Heroes-2\_incoming\Zephyr the Angel Mermaid PAINTING EDITED BY XIMENA.png","","zephyr the angel mermaid","RE-000456","Zephyr the Angel Mermaid","2000","ron-english-paintings-2000s","D:\github\ron-english-paintings-2000s\detail\paintings\2000s\2000\Zephyr-the-Angel-Mermaid.html","1","Normalized filename exactly matches one catalogue title.",""
