"FileName","FullPath","RelativePath","Extension","Bytes","Megabytes","Width","Height","LongSide","LastWriteTime","Status","Note"
"500-Pound Poultry with KFC PAINTING EDITED BY XIMENA.png","D:\github\Painting-Heroes-2\_incoming\500-Pound Poultry with KFC PAINTING EDITED BY XIMENA.png","500-Pound Poultry with KFC PAINTING EDITED BY XIMENA.png",".png","4469505","4.26","2200","1507","2200","9/30/2026 9:57:24 AM","OK","Current staged file passes size and dimension checks."
"alien_frog_brain PAINTING EDITED BY XIMENA.png","D:\github\Painting-Heroes-2\_incoming\alien_frog_brain PAINTING EDITED BY XIMENA.png","alien_frog_brain PAINTING EDITED BY XIMENA.png",".png","4709401","4.49","1436","2200","2200","9/30/2026 9:57:31 AM","OK","Current staged file passes size and dimension checks."
"Aqua Ape Surfer Girl WORK ON PAPER EDITED BY XIMENA.png","D:\github\Painting-Heroes-2\_incoming\Aqua Ape Surfer Girl WORK ON PAPER EDITED BY XIMENA.png","Aqua Ape Surfer Girl WORK ON PAPER EDITED BY XIMENA.png",".png","5039021","4.81","1924","2400","2400","9/30/2026 9:31:11 AM","OK","Current staged file passes size and dimension checks."
"Baby Bigfoot PAINTING EDITED BY XIMENA T.png","D:\github\Painting-Heroes-2\_incoming\Baby Bigfoot PAINTING EDITED BY XIMENA T.png","Baby Bigfoot PAINTING EDITED BY XIMENA T.png",".png","271987","0.26","329","500","500","9/30/2026 9:31:11 AM","OK","Current staged file passes size and dimension checks."
"Baby Frankenstein PAINTING EDITED BY XIMENA.png","D:\github\Painting-Heroes-2\_incoming\Baby Frankenstein PAINTING EDITED BY XIMENA.png","Baby Frankenstein PAINTING EDITED BY XIMENA.png",".png","4247822","4.05","1601","2400","2400","9/30/2026 9:31:15 AM","OK","Current staged file passes size and dimension checks."
"Backyard Camo Buck and Doe PAINTING EDITED BY XIMENA.png","D:\github\Painting-Heroes-2\_incoming\Backyard Camo Buck and Doe PAINTING EDITED BY XIMENA.png","Backyard Camo Buck and Doe PAINTING EDITED BY XIMENA.png",".png","4370360","4.17","1800","1363","1800","9/30/2026 9:57:38 AM","OK","Current staged file passes size and dimension checks."
"barney_grin_stencil_1 EDITED BY XIMENA.png","D:\github\Painting-Heroes-2\_incoming\barney_grin_stencil_1 EDITED BY XIMENA.png","barney_grin_stencil_1 EDITED BY XIMENA.png",".png","4554713","4.34","1405","2200","2200","9/30/2026 9:57:45 AM","OK","Current staged file passes size and dimension checks."
"Bat Rabbbit PAINTING EDITED BY XIMENA.png","D:\github\Painting-Heroes-2\_incoming\Bat Rabbbit PAINTING EDITED BY XIMENA.png","Bat Rabbbit PAINTING EDITED BY XIMENA.png",".png","4382687","4.18","2200","1377","2200","9/30/2026 9:58:06 AM","OK","Current staged file passes size and dimension checks."
"Batbrain PAINTING EDITED BY XIMENA.png","D:\github\Painting-Heroes-2\_incoming\Batbrain PAINTING EDITED BY XIMENA.png","Batbrain PAINTING EDITED BY XIMENA.png",".png","4585005","4.37","1600","1588","1600","9/30/2026 9:58:46 AM","OK","Current staged file passes size and dimension checks."
"Batman Grin; oil, acrylic and spraypaint on canvas, 20 x 30 2017 EDITED BY XIMENA.png","D:\github\Painting-Heroes-2\_incoming\Batman Grin; oil, acrylic and spraypaint on canvas, 20 x 30 2017 EDITED BY XIMENA.png","Batman Grin; oil, acrylic and spraypaint on canvas, 20 x 30 2017 EDITED BY XIMENA.png",".png","4729713","4.51","1320","2000","2000","9/30/2026 9:59:02 AM","OK","Current staged file passes size and dimension checks."
"Batman ORIGINAL EDITED BY XIMENA.png","D:\github\Painting-Heroes-2\_incoming\Batman ORIGINAL EDITED BY XIMENA.png","Batman ORIGINAL EDITED BY XIMENA.png",".png","5117989","4.88","1733","1626","1733","9/30/2026 9:31:55 AM","OK","Current staged file passes size and dimension checks."
"beau lief chapel RE-001759.png","D:\github\Painting-Heroes-2\_incoming\beau lief chapel RE-001759.png","beau lief chapel RE-001759.png",".png","5042448","4.81","1545","1800","1800","9/30/2026 10:16:32 AM","OK","Current staged file passes size and dimension checks."
"Big DuckRE-001763.png","D:\github\Painting-Heroes-2\_incoming\Big DuckRE-001763.png","Big DuckRE-001763.png",".png","4378390","4.18","1303","1800","1800","9/30/2026 10:14:53 AM","OK","Current staged file passes size and dimension checks."
"Bigfoot Boy PAINTING EDITED BY XIMENA.png","D:\github\Painting-Heroes-2\_incoming\Bigfoot Boy PAINTING EDITED BY XIMENA.png","Bigfoot Boy PAINTING EDITED BY XIMENA.png",".png","5189810","4.95","1608","2400","2400","9/30/2026 9:32:00 AM","OK","Current staged file passes size and dimension checks."
"bronze_mousemask EDITED BY XIMENA.png","D:\github\Painting-Heroes-2\_incoming\bronze_mousemask EDITED BY XIMENA.png","bronze_mousemask EDITED BY XIMENA.png",".png","5216210","4.97","1609","2400","2400","9/30/2026 9:59:16 AM","OK","Current staged file passes size and dimension checks."
"Bunnny in the Land of the Lost PAINTING EDITED BY XIMENA T.png","D:\github\Painting-Heroes-2\_incoming\Bunnny in the Land of the Lost PAINTING EDITED BY XIMENA T.png","Bunnny in the Land of the Lost PAINTING EDITED BY XIMENA T.png",".png","4673356","4.46","2200","1802","2200","9/30/2026 9:59:58 AM","OK","Current staged file passes size and dimension checks."
"Caged Calf PAINTING EDITED BY XIMENA.png","D:\github\Painting-Heroes-2\_incoming\Caged Calf PAINTING EDITED BY XIMENA.png","Caged Calf PAINTING EDITED BY XIMENA.png",".png","4895295","4.67","1711","2400","2400","9/30/2026 9:32:19 AM","OK","Current staged file passes size and dimension checks."
"Camo Buck and Doe PAINTING EDITED BY XIMENA T.png","D:\github\Painting-Heroes-2\_incoming\Camo Buck and Doe PAINTING EDITED BY XIMENA T.png","Camo Buck and Doe PAINTING EDITED BY XIMENA T.png",".png","5020658","4.79","2000","1498","2000","9/30/2026 10:00:15 AM","OK","Current staged file passes size and dimension checks."
"Camo Deer Family at Reservoir PAINTING EDITED BY XIMENA T.png","D:\github\Painting-Heroes-2\_incoming\Camo Deer Family at Reservoir PAINTING EDITED BY XIMENA T.png","Camo Deer Family at Reservoir PAINTING EDITED BY XIMENA T.png",".png","4887870","4.66","1800","1359","1800","9/30/2026 10:00:30 AM","OK","Current staged file passes size and dimension checks."
"Captain America and the Snake PAINTING EDITED BY XIMENA.png","D:\github\Painting-Heroes-2\_incoming\Captain America and the Snake PAINTING EDITED BY XIMENA.png","Captain America and the Snake PAINTING EDITED BY XIMENA.png",".png","4699341","4.48","2000","1978","2000","9/30/2026 10:00:51 AM","OK","Current staged file passes size and dimension checks."
"Captain America RE-000786.png","D:\github\Painting-Heroes-2\_incoming\Captain America RE-000786.png","Captain America RE-000786.png",".png","5199680","4.96","1648","1584","1648","9/30/2026 10:00:56 AM","OK","Current staged file passes size and dimension checks."
"Caterpillar Hookah Collage PAINTING EDITED BY XIMENA.png","D:\github\Painting-Heroes-2\_incoming\Caterpillar Hookah Collage PAINTING EDITED BY XIMENA.png","Caterpillar Hookah Collage PAINTING EDITED BY XIMENA.png",".png","4643250","4.43","1328","1800","1800","9/30/2026 10:01:01 AM","OK","Current staged file passes size and dimension checks."
"Cathy PAINTING EDITED BY XIMENA.png","D:\github\Painting-Heroes-2\_incoming\Cathy PAINTING EDITED BY XIMENA.png","Cathy PAINTING EDITED BY XIMENA.png",".png","5123058","4.89","1679","2200","2200","9/30/2026 10:01:33 AM","OK","Current staged file passes size and dimension checks."
"Cereal Killers Last Stand PAINTING EDITED BY XIMENA.png","D:\github\Painting-Heroes-2\_incoming\Cereal Killers Last Stand PAINTING EDITED BY XIMENA.png","Cereal Killers Last Stand PAINTING EDITED BY XIMENA.png",".png","2661453","2.54","2400","782","2400","9/30/2026 9:32:57 AM","OK","Current staged file passes size and dimension checks."
"charlie_grin stencil EDITED BY XIMENA.png","D:\github\Painting-Heroes-2\_incoming\charlie_grin stencil EDITED BY XIMENA.png","charlie_grin stencil EDITED BY XIMENA.png",".png","4908743","4.68","1440","2200","2200","9/30/2026 10:01:39 AM","OK","Current staged file passes size and dimension checks."
"Clown Faced Clown Basquiat PAINTING EDITED BY XIMENA.png","D:\github\Painting-Heroes-2\_incoming\Clown Faced Clown Basquiat PAINTING EDITED BY XIMENA.png","Clown Faced Clown Basquiat PAINTING EDITED BY XIMENA.png",".png","5172672","4.93","1498","2200","2200","9/30/2026 10:01:52 AM","OK","Current staged file passes size and dimension checks."
"Clown Faced Combrat Basquiat PAINTING EDITED BY XIMENA T.png","D:\github\Painting-Heroes-2\_incoming\Clown Faced Combrat Basquiat PAINTING EDITED BY XIMENA T.png","Clown Faced Combrat Basquiat PAINTING EDITED BY XIMENA T.png",".png","4968923","4.74","1633","2400","2400","9/30/2026 9:33:11 AM","OK","Current staged file passes size and dimension checks."
"Cointreau 1.png","D:\github\Painting-Heroes-2\_incoming\Cointreau 1.png","Cointreau 1.png",".png","4675102","4.46","1592","2200","2200","9/30/2026 10:18:25 AM","OK","Current staged file passes size and dimension checks."
"Cointreau 2.png","D:\github\Painting-Heroes-2\_incoming\Cointreau 2.png","Cointreau 2.png",".png","4981689","4.75","1598","2200","2200","9/30/2026 10:18:00 AM","OK","Current staged file passes size and dimension checks."
"Cointreau 3.png","D:\github\Painting-Heroes-2\_incoming\Cointreau 3.png","Cointreau 3.png",".png","5229409","4.99","1589","2200","2200","9/30/2026 10:17:40 AM","OK","Current staged file passes size and dimension checks."
"Comic Book Plaid PAINTING EDITED BY XIMENA.png","D:\github\Painting-Heroes-2\_incoming\Comic Book Plaid PAINTING EDITED BY XIMENA.png","Comic Book Plaid PAINTING EDITED BY XIMENA.png",".png","5078463","4.84","1356","2000","2000","9/30/2026 10:01:57 AM","OK","Current staged file passes size and dimension checks."
"Couture Storm Trooper PAINTING EDITED BY XIMENA.png","D:\github\Painting-Heroes-2\_incoming\Couture Storm Trooper PAINTING EDITED BY XIMENA.png","Couture Storm Trooper PAINTING EDITED BY XIMENA.png",".png","4762767","4.54","1989","2000","2000","9/30/2026 10:02:25 AM","OK","Current staged file passes size and dimension checks."
"Cowgirl Bikini PAINTING EDITED BY XIMENA T.png","D:\github\Painting-Heroes-2\_incoming\Cowgirl Bikini PAINTING EDITED BY XIMENA T.png","Cowgirl Bikini PAINTING EDITED BY XIMENA T.png",".png","2002723","1.91","919","1544","1544","9/30/2026 9:33:22 AM","OK","Current staged file passes size and dimension checks."
"Creation of Infinity PAINTING EDITED BY XIMENA T.png","D:\github\Painting-Heroes-2\_incoming\Creation of Infinity PAINTING EDITED BY XIMENA T.png","Creation of Infinity PAINTING EDITED BY XIMENA T.png",".png","3509978","3.35","2400","804","2400","9/30/2026 9:33:26 AM","OK","Current staged file passes size and dimension checks."
"Dandy Warhol Portrait - Butterfly Eyes PAINTING EDITED BY XIMENA T.png","D:\github\Painting-Heroes-2\_incoming\Dandy Warhol Portrait - Butterfly Eyes PAINTING EDITED BY XIMENA T.png","Dandy Warhol Portrait - Butterfly Eyes PAINTING EDITED BY XIMENA T.png",".png","4733579","4.51","2200","1637","2200","9/30/2026 10:02:50 AM","OK","Current staged file passes size and dimension checks."
"Dandy Warhol Portrait - Check Mate Tornado PAINTING EDITED BY XIMENA.png","D:\github\Painting-Heroes-2\_incoming\Dandy Warhol Portrait - Check Mate Tornado PAINTING EDITED BY XIMENA.png","Dandy Warhol Portrait - Check Mate Tornado PAINTING EDITED BY XIMENA.png",".png","5065247","4.83","2000","1995","2000","9/30/2026 10:03:06 AM","OK","Current staged file passes size and dimension checks."
"Dino Grenade PAINTING EDITED BY XIMENA.jpg","D:\github\Painting-Heroes-2\_incoming\Dino Grenade PAINTING EDITED BY XIMENA.jpg","Dino Grenade PAINTING EDITED BY XIMENA.jpg",".jpg","1604216","1.53","2400","2371","2400","9/30/2026 9:33:40 AM","OK","Current staged file passes size and dimension checks."
"dog face shell.png","D:\github\Painting-Heroes-2\_incoming\dog face shell.png","dog face shell.png",".png","4698011","4.48","1800","1494","1800","9/30/2026 10:17:34 AM","OK","Current staged file passes size and dimension checks."
"Don't Slip WORK ON PAPER EDITED BY XIMENA.png","D:\github\Painting-Heroes-2\_incoming\Don't Slip WORK ON PAPER EDITED BY XIMENA.png","Don't Slip WORK ON PAPER EDITED BY XIMENA.png",".png","4563651","4.35","2200","1523","2200","9/30/2026 10:03:15 AM","OK","Current staged file passes size and dimension checks."
"Double Cloud Rabbbits PAINTING EDITED BY XIMENA.png","D:\github\Painting-Heroes-2\_incoming\Double Cloud Rabbbits PAINTING EDITED BY XIMENA.png","Double Cloud Rabbbits PAINTING EDITED BY XIMENA.png",".png","4371889","4.17","2400","1590","2400","9/30/2026 9:33:50 AM","OK","Current staged file passes size and dimension checks."
"dove_grenade EDITED BY XIMENA.png","D:\github\Painting-Heroes-2\_incoming\dove_grenade EDITED BY XIMENA.png","dove_grenade EDITED BY XIMENA.png",".png","4357347","4.16","2400","1517","2400","9/30/2026 9:33:55 AM","OK","Current staged file passes size and dimension checks."
"Dr. Bub Quack WORK ON PAPER EDITED BY XIMENA.png","D:\github\Painting-Heroes-2\_incoming\Dr. Bub Quack WORK ON PAPER EDITED BY XIMENA.png","Dr. Bub Quack WORK ON PAPER EDITED BY XIMENA.png",".png","1697004","1.62","2400","2000","2400","9/30/2026 9:33:59 AM","OK","Current staged file passes size and dimension checks."
"duck mermaid RE-011986.png","D:\github\Painting-Heroes-2\_incoming\duck mermaid RE-011986.png","duck mermaid RE-011986.png",".png","4136912","3.95","2400","1889","2400","9/30/2026 9:34:01 AM","OK","Current staged file passes size and dimension checks."
"Elefanka in Rainbow Camo PAINTING EDITED BY XIMENA.png","D:\github\Painting-Heroes-2\_incoming\Elefanka in Rainbow Camo PAINTING EDITED BY XIMENA.png","Elefanka in Rainbow Camo PAINTING EDITED BY XIMENA.png",".png","5110331","4.87","1789","2200","2200","9/30/2026 10:03:49 AM","OK","Current staged file passes size and dimension checks."
"elefanka on her high horse RE-001766.png","D:\github\Painting-Heroes-2\_incoming\elefanka on her high horse RE-001766.png","elefanka on her high horse RE-001766.png",".png","4841488","4.62","1468","2000","2000","9/30/2026 10:16:57 AM","OK","Current staged file passes size and dimension checks."
"elefanka RE-001697.png","D:\github\Painting-Heroes-2\_incoming\elefanka RE-001697.png","elefanka RE-001697.png",".png","4334781","4.13","1573","2400","2400","9/30/2026 9:34:07 AM","OK","Current staged file passes size and dimension checks."
"English - Johnston collaboration - Red Flame Torso PAINTING EDITED BY XIMENA.png","D:\github\Painting-Heroes-2\_incoming\English - Johnston collaboration - Red Flame Torso PAINTING EDITED BY XIMENA.png","English - Johnston collaboration - Red Flame Torso PAINTING EDITED BY XIMENA.png",".png","4301394","4.1","1786","1763","1786","9/30/2026 9:34:16 AM","OK","Current staged file passes size and dimension checks."
"English - Johnston collaboration - Torso Foam PAINTING EDITED BY XIMENA.png","D:\github\Painting-Heroes-2\_incoming\English - Johnston collaboration - Torso Foam PAINTING EDITED BY XIMENA.png","English - Johnston collaboration - Torso Foam PAINTING EDITED BY XIMENA.png",".png","4514609","4.31","1800","1719","1800","9/30/2026 10:04:39 AM","OK","Current staged file passes size and dimension checks."
"English - Johnston collaboration - You're So Pathetic PAINTING EDITED BY XIMENA.png","D:\github\Painting-Heroes-2\_incoming\English - Johnston collaboration - You're So Pathetic PAINTING EDITED BY XIMENA.png","English - Johnston collaboration - You're So Pathetic PAINTING EDITED BY XIMENA.png",".png","367936","0.35","472","467","472","9/30/2026 9:34:22 AM","OK","Current staged file passes size and dimension checks."
"Expressionist Temper Tot PAINTING EDITED BY XIMENA.png","D:\github\Painting-Heroes-2\_incoming\Expressionist Temper Tot PAINTING EDITED BY XIMENA.png","Expressionist Temper Tot PAINTING EDITED BY XIMENA.png",".png","5088280","4.85","1581","2000","2000","9/30/2026 10:05:03 AM","OK","Current staged file passes size and dimension checks."
"eyeball dna dock.png","D:\github\Painting-Heroes-2\_incoming\eyeball dna dock.png","eyeball dna dock.png",".png","4307801","4.11","1600","1241","1600","9/30/2026 10:16:47 AM","OK","Current staged file passes size and dimension checks."
"fairy snail.png","D:\github\Painting-Heroes-2\_incoming\fairy snail.png","fairy snail.png",".png","5168331","4.93","1570","2200","2200","9/30/2026 10:17:23 AM","OK","Current staged file passes size and dimension checks."
"Falla Sheep at the Babel Chapel PAINTING EDITED BY XIMENA T.png","D:\github\Painting-Heroes-2\_incoming\Falla Sheep at the Babel Chapel PAINTING EDITED BY XIMENA T.png","Falla Sheep at the Babel Chapel PAINTING EDITED BY XIMENA T.png",".png","4817967","4.59","2000","1583","2000","9/30/2026 10:05:15 AM","OK","Current staged file passes size and dimension checks."
"Fat Tony Camo WORK ON PAPER EDITED BY XIMENA.png","D:\github\Painting-Heroes-2\_incoming\Fat Tony Camo WORK ON PAPER EDITED BY XIMENA.png","Fat Tony Camo WORK ON PAPER EDITED BY XIMENA.png",".png","1589667","1.52","872","1082","1082","9/30/2026 9:34:34 AM","OK","Current staged file passes size and dimension checks."
"Fish Commute PAINTING EDITED BY XIMENA T.png","D:\github\Painting-Heroes-2\_incoming\Fish Commute PAINTING EDITED BY XIMENA T.png","Fish Commute PAINTING EDITED BY XIMENA T.png",".png","4768126","4.55","2400","1707","2400","9/30/2026 9:34:38 AM","OK","Current staged file passes size and dimension checks."
"fishbowl_astronaut RE-001698.png","D:\github\Painting-Heroes-2\_incoming\fishbowl_astronaut RE-001698.png","fishbowl_astronaut RE-001698.png",".png","4350289","4.15","1467","2200","2200","9/30/2026 10:05:38 AM","OK","Current staged file passes size and dimension checks."
"flower girl profile.png","D:\github\Painting-Heroes-2\_incoming\flower girl profile.png","flower girl profile.png",".png","4511028","4.3","1651","1800","1800","9/30/2026 10:14:33 AM","OK","Current staged file passes size and dimension checks."
"flower_girl RE-001699.png","D:\github\Painting-Heroes-2\_incoming\flower_girl RE-001699.png","flower_girl RE-001699.png",".png","4293451","4.09","1609","2400","2400","9/30/2026 9:34:51 AM","OK","Current staged file passes size and dimension checks."
"forlorn unicorn RE-001700.png","D:\github\Painting-Heroes-2\_incoming\forlorn unicorn RE-001700.png","forlorn unicorn RE-001700.png",".png","4686108","4.47","1522","2400","2400","9/30/2026 9:34:58 AM","OK","Current staged file passes size and dimension checks."
"Gimme Unipig Portrait PAINTING EDITED BY XIMENA.png","D:\github\Painting-Heroes-2\_incoming\Gimme Unipig Portrait PAINTING EDITED BY XIMENA.png","Gimme Unipig Portrait PAINTING EDITED BY XIMENA.png",".png","5142034","4.9","2200","2173","2200","9/30/2026 10:06:02 AM","OK","Current staged file passes size and dimension checks."
"graff mousemask.png","D:\github\Painting-Heroes-2\_incoming\graff mousemask.png","graff mousemask.png",".png","5159844","4.92","2200","1511","2200","9/30/2026 10:15:00 AM","OK","Current staged file passes size and dimension checks."
"Grand Theft Grin PAINTING EDITED BY XIMENA.png","D:\github\Painting-Heroes-2\_incoming\Grand Theft Grin PAINTING EDITED BY XIMENA.png","Grand Theft Grin PAINTING EDITED BY XIMENA.png",".png","4803030","4.58","2200","1488","2200","9/30/2026 10:06:22 AM","OK","Current staged file passes size and dimension checks."
"gridiron grab RE-011975.png","D:\github\Painting-Heroes-2\_incoming\gridiron grab RE-011975.png","gridiron grab RE-011975.png",".png","4783087","4.56","2200","1725","2200","9/30/2026 10:15:52 AM","OK","Current staged file passes size and dimension checks."
"Heart of Skull Grin EDITED BY XIMENA.png","D:\github\Painting-Heroes-2\_incoming\Heart of Skull Grin EDITED BY XIMENA.png","Heart of Skull Grin EDITED BY XIMENA.png",".png","252771","0.24","326","500","500","9/30/2026 9:35:12 AM","OK","Current staged file passes size and dimension checks."
"heart_skull_stencil RE-001701.png","D:\github\Painting-Heroes-2\_incoming\heart_skull_stencil RE-001701.png","heart_skull_stencil RE-001701.png",".png","4857667","4.63","1563","2400","2400","9/30/2026 9:35:18 AM","OK","Current staged file passes size and dimension checks."
"Heartthrob PAINTING EDITED BY XIMENA.png","D:\github\Painting-Heroes-2\_incoming\Heartthrob PAINTING EDITED BY XIMENA.png","Heartthrob PAINTING EDITED BY XIMENA.png",".png","699437","0.67","550","734","734","9/30/2026 9:35:12 AM","OK","Current staged file passes size and dimension checks."
"Hulk Boy WORK ON PAPER EDITED BY XIMENA.png","D:\github\Painting-Heroes-2\_incoming\Hulk Boy WORK ON PAPER EDITED BY XIMENA.png","Hulk Boy WORK ON PAPER EDITED BY XIMENA.png",".png","4851389","4.63","1618","1536","1618","9/30/2026 9:35:19 AM","OK","Current staged file passes size and dimension checks."
"Iron Man COLLAGE XIMENA.jpg","D:\github\Painting-Heroes-2\_incoming\Iron Man COLLAGE XIMENA.jpg","Iron Man COLLAGE XIMENA.jpg",".jpg","1924188","1.84","1787","2400","2400","9/30/2026 9:35:40 AM","OK","Current staged file passes size and dimension checks."
"It's the Caffeine PAINTING EDITED BY XIMENA.png","D:\github\Painting-Heroes-2\_incoming\It's the Caffeine PAINTING EDITED BY XIMENA.png","It's the Caffeine PAINTING EDITED BY XIMENA.png",".png","625796","0.6","643","610","643","9/30/2026 9:35:40 AM","OK","Current staged file passes size and dimension checks."
"Jason Rockman Grin PAINTING EDITED BY XIMENA.png","D:\github\Painting-Heroes-2\_incoming\Jason Rockman Grin PAINTING EDITED BY XIMENA.png","Jason Rockman Grin PAINTING EDITED BY XIMENA.png",".png","4688919","4.47","1538","2400","2400","9/30/2026 9:35:45 AM","OK","Current staged file passes size and dimension checks."
"Jasper Johns is on the Money PAINTING EDITED BY XIMENA.png","D:\github\Painting-Heroes-2\_incoming\Jasper Johns is on the Money PAINTING EDITED BY XIMENA.png","Jasper Johns is on the Money PAINTING EDITED BY XIMENA.png",".png","2530150","2.41","1513","1010","1513","9/30/2026 9:35:47 AM","OK","Current staged file passes size and dimension checks."
"jazz quack.ptg EDITED BY XIMENA.png","D:\github\Painting-Heroes-2\_incoming\jazz quack.ptg EDITED BY XIMENA.png","jazz quack.ptg EDITED BY XIMENA.png",".png","4955452","4.73","2000","1661","2000","9/30/2026 10:08:02 AM","OK","Current staged file passes size and dimension checks."
"kaiju clown  RE-011987.png","D:\github\Painting-Heroes-2\_incoming\kaiju clown  RE-011987.png","kaiju clown  RE-011987.png",".png","4300899","4.1","1800","1395","1800","9/30/2026 10:08:16 AM","OK","Current staged file passes size and dimension checks."
"Kazakhstan ORIGINAL COLOR EDITED BY XIMENA.png","D:\github\Painting-Heroes-2\_incoming\Kazakhstan ORIGINAL COLOR EDITED BY XIMENA.png","Kazakhstan ORIGINAL COLOR EDITED BY XIMENA.png",".png","4391730","4.19","1800","1345","1800","9/30/2026 10:08:38 AM","OK","Current staged file passes size and dimension checks."
"krusty_grin stencil 1 EDITED BY XIMENA.png","D:\github\Painting-Heroes-2\_incoming\krusty_grin stencil 1 EDITED BY XIMENA.png","krusty_grin stencil 1 EDITED BY XIMENA.png",".png","5019847","4.79","1589","2400","2400","9/30/2026 9:36:08 AM","OK","Current staged file passes size and dimension checks."
"krusty_grin stencil 2 EDITED BY XIMENA.png","D:\github\Painting-Heroes-2\_incoming\krusty_grin stencil 2 EDITED BY XIMENA.png","krusty_grin stencil 2 EDITED BY XIMENA.png",".png","4926636","4.7","1274","2000","2000","9/30/2026 10:08:43 AM","OK","Current staged file passes size and dimension checks."
"lady_lips_stencil_1 EDITED BY XIMENA.png","D:\github\Painting-Heroes-2\_incoming\lady_lips_stencil_1 EDITED BY XIMENA.png","lady_lips_stencil_1 EDITED BY XIMENA.png",".png","5240548","5","1484","2400","2400","9/30/2026 9:36:21 AM","OK","Current staged file passes size and dimension checks."
"lady_lips_stencil_2 EDITED BY XIMENA.png","D:\github\Painting-Heroes-2\_incoming\lady_lips_stencil_2 EDITED BY XIMENA.png","lady_lips_stencil_2 EDITED BY XIMENA.png",".png","5088576","4.85","1462","2200","2200","9/30/2026 10:08:48 AM","OK","Current staged file passes size and dimension checks."
"ladyzilla_bunnny EDITED BY XIMENA.png","D:\github\Painting-Heroes-2\_incoming\ladyzilla_bunnny EDITED BY XIMENA.png","ladyzilla_bunnny EDITED BY XIMENA.png",".png","5003892","4.77","1568","2400","2400","9/30/2026 9:36:17 AM","OK","Current staged file passes size and dimension checks."
"last_breakfast_with_holyghost EDITED BY XIMENA.png","D:\github\Painting-Heroes-2\_incoming\last_breakfast_with_holyghost EDITED BY XIMENA.png","last_breakfast_with_holyghost EDITED BY XIMENA.png",".png","4534103","4.32","2400","1513","2400","9/30/2026 9:36:31 AM","OK","Current staged file passes size and dimension checks."
"liberty_grin RE-001707.png","D:\github\Painting-Heroes-2\_incoming\liberty_grin RE-001707.png","liberty_grin RE-001707.png",".png","5057113","4.82","1536","2400","2400","9/30/2026 9:36:36 AM","OK","Current staged file passes size and dimension checks."
"liberty_grin_stencil_1 EDITED BY XIMENA.png","D:\github\Painting-Heroes-2\_incoming\liberty_grin_stencil_1 EDITED BY XIMENA.png","liberty_grin_stencil_1 EDITED BY XIMENA.png",".png","4697612","4.48","1602","2400","2400","9/30/2026 9:36:41 AM","OK","Current staged file passes size and dimension checks."
"light cult guernica panel a.png","D:\github\Painting-Heroes-2\_incoming\light cult guernica panel a.png","light cult guernica panel a.png",".png","4584483","4.37","1600","1575","1600","9/30/2026 10:33:12 AM","OK","Current staged file passes size and dimension checks."
"light cult guernica panel b.png","D:\github\Painting-Heroes-2\_incoming\light cult guernica panel b.png","light cult guernica panel b.png",".png","4884171","4.66","1600","1600","1600","9/30/2026 10:19:01 AM","OK","Current staged file passes size and dimension checks."
"light cult guernica panel c.png","D:\github\Painting-Heroes-2\_incoming\light cult guernica panel c.png","light cult guernica panel c.png",".png","4848685","4.62","1600","1591","1600","9/30/2026 10:19:20 AM","OK","Current staged file passes size and dimension checks."
"li'l bigfootRE-011976.png","D:\github\Painting-Heroes-2\_incoming\li'l bigfootRE-011976.png","li'l bigfootRE-011976.png",".png","4671756","4.46","1261","2000","2000","9/30/2026 10:15:11 AM","OK","Current staged file passes size and dimension checks."
"mc snowglobe.png","D:\github\Painting-Heroes-2\_incoming\mc snowglobe.png","mc snowglobe.png",".png","5153713","4.91","1800","1411","1800","9/30/2026 10:16:40 AM","OK","Current staged file passes size and dimension checks."
"mc_supersized RE-001710.png","D:\github\Painting-Heroes-2\_incoming\mc_supersized RE-001710.png","mc_supersized RE-001710.png",".png","4604049","4.39","1458","2200","2200","9/30/2026 10:08:55 AM","OK","Current staged file passes size and dimension checks."
"mermaid flower RE-011682.png","D:\github\Painting-Heroes-2\_incoming\mermaid flower RE-011682.png","mermaid flower RE-011682.png",".png","4354812","4.15","1322","1800","1800","9/30/2026 10:16:01 AM","OK","Current staged file passes size and dimension checks."
"mickey_marilyn RE-001709.png","D:\github\Painting-Heroes-2\_incoming\mickey_marilyn RE-001709.png","mickey_marilyn RE-001709.png",".png","4530685","4.32","1578","2400","2400","9/30/2026 9:36:53 AM","OK","Current staged file passes size and dimension checks."
"mona_lisa_grin RE-001711.png","D:\github\Painting-Heroes-2\_incoming\mona_lisa_grin RE-001711.png","mona_lisa_grin RE-001711.png",".png","4689327","4.47","1377","2000","2000","9/30/2026 10:09:00 AM","OK","Current staged file passes size and dimension checks."
"mona_lisa_grin_stencil_2 EDITED BY XIMENA.png","D:\github\Painting-Heroes-2\_incoming\mona_lisa_grin_stencil_2 EDITED BY XIMENA.png","mona_lisa_grin_stencil_2 EDITED BY XIMENA.png",".png","5006682","4.77","1328","2000","2000","9/30/2026 10:09:13 AM","OK","Current staged file passes size and dimension checks."
"monarch_elephant_stencil_1.jpg","D:\github\Painting-Heroes-2\_incoming\monarch_elephant_stencil_1.jpg","monarch_elephant_stencil_1.jpg",".jpg","1388505","1.32","1565","2400","2400","9/30/2026 9:36:55 AM","OK","Current staged file passes size and dimension checks."
"monarch_fish RE-001714.png","D:\github\Painting-Heroes-2\_incoming\monarch_fish RE-001714.png","monarch_fish RE-001714.png",".png","4838131","4.61","2400","1753","2400","9/30/2026 9:37:01 AM","OK","Current staged file passes size and dimension checks."
"Mousemask Home Alone PAINTING EDITED BY XIMENA.png","D:\github\Painting-Heroes-2\_incoming\Mousemask Home Alone PAINTING EDITED BY XIMENA.png","Mousemask Home Alone PAINTING EDITED BY XIMENA.png",".png","5011574","4.78","2000","1509","2000","9/30/2026 10:09:38 AM","OK","Current staged file passes size and dimension checks."
"Mr Fantastic WORK ON PAPER EDITED BY XIMENA.png","D:\github\Painting-Heroes-2\_incoming\Mr Fantastic WORK ON PAPER EDITED BY XIMENA.png","Mr Fantastic WORK ON PAPER EDITED BY XIMENA.png",".png","5224682","4.98","1600","1463","1600","9/30/2026 10:09:50 AM","OK","Current staged file passes size and dimension checks."
"My Kid Could Do That - Jaws of Life  RE-015554.png","D:\github\Painting-Heroes-2\_incoming\My Kid Could Do That - Jaws of Life  RE-015554.png","My Kid Could Do That - Jaws of Life  RE-015554.png",".png","4742461","4.52","1800","1349","1800","9/30/2026 10:06:35 AM","OK","Current staged file passes size and dimension checks."
"neurodivergent last supper allouche 72x180 EDITED BY XIMENA.png","D:\github\Painting-Heroes-2\_incoming\neurodivergent last supper allouche 72x180 EDITED BY XIMENA.png","neurodivergent last supper allouche 72x180 EDITED BY XIMENA.png",".png","1407820","1.34","1366","551","1366","9/30/2026 9:37:20 AM","OK","Current staged file passes size and dimension checks."
"nissin battle.png","D:\github\Painting-Heroes-2\_incoming\nissin battle.png","nissin battle.png",".png","4815715","4.59","1800","1800","1800","9/30/2026 10:10:51 AM","OK","Current staged file passes size and dimension checks."
"nissin hands.png","D:\github\Painting-Heroes-2\_incoming\nissin hands.png","nissin hands.png",".png","4348143","4.15","1800","1800","1800","9/30/2026 10:11:30 AM","OK","Current staged file passes size and dimension checks."
"nissin lightning.png","D:\github\Painting-Heroes-2\_incoming\nissin lightning.png","nissin lightning.png",".png","4743804","4.52","1800","1800","1800","9/30/2026 10:11:07 AM","OK","Current staged file passes size and dimension checks."
"nissin pointing.png","D:\github\Painting-Heroes-2\_incoming\nissin pointing.png","nissin pointing.png",".png","4606928","4.39","1800","1800","1800","9/30/2026 10:11:46 AM","OK","Current staged file passes size and dimension checks."
"old spongebob RE-001715.png","D:\github\Painting-Heroes-2\_incoming\old spongebob RE-001715.png","old spongebob RE-001715.png",".png","5078833","4.84","1537","2400","2400","9/30/2026 9:37:52 AM","OK","Current staged file passes size and dimension checks."
"Olive Camo Panel 2 EDITED BY XIMENA.png","D:\github\Painting-Heroes-2\_incoming\Olive Camo Panel 2 EDITED BY XIMENA.png","Olive Camo Panel 2 EDITED BY XIMENA.png",".png","5104037","4.87","1804","2400","2400","9/30/2026 9:37:57 AM","OK","Current staged file passes size and dimension checks."
"Orion Alien Guernica PAINTING EDITED BY XIMENA.png","D:\github\Painting-Heroes-2\_incoming\Orion Alien Guernica PAINTING EDITED BY XIMENA.png","Orion Alien Guernica PAINTING EDITED BY XIMENA.png",".png","4755326","4.54","2400","1210","2400","9/30/2026 9:38:01 AM","OK","Current staged file passes size and dimension checks."
"Painterly Camo Deer PAINTING EDITED BY XIMENA.png","D:\github\Painting-Heroes-2\_incoming\Painterly Camo Deer PAINTING EDITED BY XIMENA.png","Painterly Camo Deer PAINTING EDITED BY XIMENA.png",".png","5198453","4.96","2400","1781","2400","9/30/2026 10:11:56 AM","OK","Current staged file passes size and dimension checks."
"patrick_bride RE-001747.png","D:\github\Painting-Heroes-2\_incoming\patrick_bride RE-001747.png","patrick_bride RE-001747.png",".png","3898492","3.72","1562","2400","2400","9/30/2026 9:38:13 AM","OK","Current staged file passes size and dimension checks."
"paws profile.png","D:\github\Painting-Heroes-2\_incoming\paws profile.png","paws profile.png",".png","5147591","4.91","1360","2400","2400","9/30/2026 9:39:31 AM","OK","Current staged file passes size and dimension checks."
"peace_combrat RE-001716.png","D:\github\Painting-Heroes-2\_incoming\peace_combrat RE-001716.png","peace_combrat RE-001716.png",".png","5199819","4.96","2400","1583","2400","9/30/2026 9:38:20 AM","OK","Current staged file passes size and dimension checks."
"Pean's Friend Grin PAINTING EDITED BY XIMENA.png","D:\github\Painting-Heroes-2\_incoming\Pean's Friend Grin PAINTING EDITED BY XIMENA.png","Pean's Friend Grin PAINTING EDITED BY XIMENA.png",".png","625504","0.6","768","774","774","9/30/2026 9:38:21 AM","OK","Current staged file passes size and dimension checks."
"Prepubescent Pop Artist Pink PAINTING EDITED BY XIMENA.png","D:\github\Painting-Heroes-2\_incoming\Prepubescent Pop Artist Pink PAINTING EDITED BY XIMENA.png","Prepubescent Pop Artist Pink PAINTING EDITED BY XIMENA.png",".png","4692566","4.48","1973","2000","2000","9/30/2026 10:12:13 AM","OK","Current staged file passes size and dimension checks."
"Psycho Camo Deer at Pond PAINTING EDITED BY XIMENA.png","D:\github\Painting-Heroes-2\_incoming\Psycho Camo Deer at Pond PAINTING EDITED BY XIMENA.png","Psycho Camo Deer at Pond PAINTING EDITED BY XIMENA.png",".png","4429062","4.22","1800","1349","1800","9/30/2026 10:12:36 AM","OK","Current staged file passes size and dimension checks."
"punkskunk_landscape EDITED BY XIMENA.png","D:\github\Painting-Heroes-2\_incoming\punkskunk_landscape EDITED BY XIMENA.png","punkskunk_landscape EDITED BY XIMENA.png",".png","4770788","4.55","2400","1598","2400","9/30/2026 9:38:43 AM","OK","Current staged file passes size and dimension checks."
"R2D2 Grin EDITED BY XIMENA.png","D:\github\Painting-Heroes-2\_incoming\R2D2 Grin EDITED BY XIMENA.png","R2D2 Grin EDITED BY XIMENA.png",".png","5165101","4.93","1799","1800","1800","9/30/2026 10:13:04 AM","OK","Current staged file passes size and dimension checks."
"Rabbbit and Raccoon WORK ON PAPER EDITED BY XIMENA.png","D:\github\Painting-Heroes-2\_incoming\Rabbbit and Raccoon WORK ON PAPER EDITED BY XIMENA.png","Rabbbit and Raccoon WORK ON PAPER EDITED BY XIMENA.png",".png","4008156","3.82","1329","2000","2000","9/30/2026 9:38:57 AM","OK","Current staged file passes size and dimension checks."
"rabbbit flower RE-011979.png","D:\github\Painting-Heroes-2\_incoming\rabbbit flower RE-011979.png","rabbbit flower RE-011979.png",".png","4475965","4.27","1388","2000","2000","9/30/2026 10:14:43 AM","OK","Current staged file passes size and dimension checks."
"RE-015556.png","D:\github\Painting-Heroes-2\_incoming\RE-015556.png","RE-015556.png",".png","5158287","4.92","1700","2200","2200","9/30/2026 10:06:55 AM","OK","Current staged file passes size and dimension checks."
"RE-015557.png","D:\github\Painting-Heroes-2\_incoming\RE-015557.png","RE-015557.png",".png","5101454","4.87","2200","1688","2200","9/30/2026 10:07:27 AM","OK","Current staged file passes size and dimension checks."
"Rebel Flag PAINTING EDITED BY XIMENA.png","D:\github\Painting-Heroes-2\_incoming\Rebel Flag PAINTING EDITED BY XIMENA.png","Rebel Flag PAINTING EDITED BY XIMENA.png",".png","3984510","3.8","2400","1619","2400","9/30/2026 10:51:02 AM","OK","Current staged file passes size and dimension checks."
"ribcage_heart RE-001718.png","D:\github\Painting-Heroes-2\_incoming\ribcage_heart RE-001718.png","ribcage_heart RE-001718.png",".png","4838977","4.61","1414","1800","1800","9/30/2026 10:13:09 AM","OK","Current staged file passes size and dimension checks."
"ribcage_heart_ RE-001719.png","D:\github\Painting-Heroes-2\_incoming\ribcage_heart_ RE-001719.png","ribcage_heart_ RE-001719.png",".png","4928491","4.7","1350","2000","2000","9/30/2026 10:13:14 AM","OK","Current staged file passes size and dimension checks."
"Road Sage PAINTING EDITED BY XIMENA.png","D:\github\Painting-Heroes-2\_incoming\Road Sage PAINTING EDITED BY XIMENA.png","Road Sage PAINTING EDITED BY XIMENA.png",".png","4801652","4.58","2200","2178","2200","9/30/2026 10:14:16 AM","OK","Current staged file passes size and dimension checks."
"Ronnnie RE-001720.png","D:\github\Painting-Heroes-2\_incoming\Ronnnie RE-001720.png","Ronnnie RE-001720.png",".png","4429327","4.22","1611","2400","2400","9/30/2026 9:39:22 AM","OK","Current staged file passes size and dimension checks."
"santa flower RE-011980.png","D:\github\Painting-Heroes-2\_incoming\santa flower RE-011980.png","santa flower RE-011980.png",".png","4896060","4.67","1358","2200","2200","9/30/2026 10:15:27 AM","OK","Current staged file passes size and dimension checks."
"slomo_fishing RE-001721.png","D:\github\Painting-Heroes-2\_incoming\slomo_fishing RE-001721.png","slomo_fishing RE-001721.png",".png","4696610","4.48","2400","1513","2400","9/30/2026 9:40:46 AM","OK","Current staged file passes size and dimension checks."
"Some Girls PAINTING EDITED BY XIMENA.png","D:\github\Painting-Heroes-2\_incoming\Some Girls PAINTING EDITED BY XIMENA.png","Some Girls PAINTING EDITED BY XIMENA.png",".png","4510081","4.3","1451","1800","1800","9/30/2026 10:19:31 AM","OK","Current staged file passes size and dimension checks."
"Sonic Plume PAINTING 2 EDITED BY XIMENA.png","D:\github\Painting-Heroes-2\_incoming\Sonic Plume PAINTING 2 EDITED BY XIMENA.png","Sonic Plume PAINTING 2 EDITED BY XIMENA.png",".png","4435880","4.23","1600","1203","1600","9/30/2026 10:19:46 AM","OK","Current staged file passes size and dimension checks."
"starskull_painting RE-001722.png","D:\github\Painting-Heroes-2\_incoming\starskull_painting RE-001722.png","starskull_painting RE-001722.png",".png","4773126","4.55","1541","2400","2400","9/30/2026 9:41:08 AM","OK","Current staged file passes size and dimension checks."
"starskull_positive negative stencil RE-001723.png","D:\github\Painting-Heroes-2\_incoming\starskull_positive negative stencil RE-001723.png","starskull_positive negative stencil RE-001723.png",".png","4936258","4.71","1324","2000","2000","9/30/2026 10:20:17 AM","OK","Current staged file passes size and dimension checks."
"starskull_stencil RE-001724.png","D:\github\Painting-Heroes-2\_incoming\starskull_stencil RE-001724.png","starskull_stencil RE-001724.png",".png","5165479","4.93","2400","1509","2400","9/30/2026 9:41:18 AM","OK","Current staged file passes size and dimension checks."
"Superman WORK ON PAPER EDITED BY XIMENA.png","D:\github\Painting-Heroes-2\_incoming\Superman WORK ON PAPER EDITED BY XIMENA.png","Superman WORK ON PAPER EDITED BY XIMENA.png",".png","4701404","4.48","1600","1471","1600","9/30/2026 10:20:24 AM","OK","Current staged file passes size and dimension checks."
"Swamp Thing WORK ON PAPER EDITED BY XIMENA.png","D:\github\Painting-Heroes-2\_incoming\Swamp Thing WORK ON PAPER EDITED BY XIMENA.png","Swamp Thing WORK ON PAPER EDITED BY XIMENA.png",".png","4930071","4.7","1600","1502","1600","9/30/2026 10:20:37 AM","OK","Current staged file passes size and dimension checks."
"swordfish_trombone EDITED BY XIMENA.png","D:\github\Painting-Heroes-2\_incoming\swordfish_trombone EDITED BY XIMENA.png","swordfish_trombone EDITED BY XIMENA.png",".png","4665492","4.45","2200","1470","2200","9/30/2026 10:20:43 AM","OK","Current staged file passes size and dimension checks."
"teddy_grinRE-001726.png","D:\github\Painting-Heroes-2\_incoming\teddy_grinRE-001726.png","teddy_grinRE-001726.png",".png","5106883","4.87","1465","2200","2200","9/30/2026 10:20:47 AM","OK","Current staged file passes size and dimension checks."
"temper tot landscape EDITED BY XIMENA.png","D:\github\Painting-Heroes-2\_incoming\temper tot landscape EDITED BY XIMENA.png","temper tot landscape EDITED BY XIMENA.png",".png","4613234","4.4","2400","1570","2400","9/30/2026 9:41:37 AM","OK","Current staged file passes size and dimension checks."
"temper totRE-011982.png","D:\github\Painting-Heroes-2\_incoming\temper totRE-011982.png","temper totRE-011982.png",".png","5089795","4.85","1345","2200","2200","9/30/2026 10:15:04 AM","OK","Current staged file passes size and dimension checks."
"tempertot on green stencil  RE-001728.png","D:\github\Painting-Heroes-2\_incoming\tempertot on green stencil  RE-001728.png","tempertot on green stencil  RE-001728.png",".png","5044848","4.81","1530","2400","2400","9/30/2026 9:41:42 AM","OK","Current staged file passes size and dimension checks."
"tempertot on white stencil EDITED BY XIMENA.png","D:\github\Painting-Heroes-2\_incoming\tempertot on white stencil EDITED BY XIMENA.png","tempertot on white stencil EDITED BY XIMENA.png",".png","4383544","4.18","1543","2400","2400","9/30/2026 9:41:48 AM","OK","Current staged file passes size and dimension checks."
"the ugliest man in the universe drawing EDITED BY XIMENA.png","D:\github\Painting-Heroes-2\_incoming\the ugliest man in the universe drawing EDITED BY XIMENA.png","the ugliest man in the universe drawing EDITED BY XIMENA.png",".png","5242499","5","2000","1466","2000","9/30/2026 10:21:09 AM","OK","Current staged file passes size and dimension checks."
"Thor WORK ON PAPER EDITED BY XIMENA.png","D:\github\Painting-Heroes-2\_incoming\Thor WORK ON PAPER EDITED BY XIMENA.png","Thor WORK ON PAPER EDITED BY XIMENA.png",".png","4566139","4.35","1600","1426","1600","9/30/2026 10:21:23 AM","OK","Current staged file passes size and dimension checks."
"unicorn_balloon RE-001732.png","D:\github\Painting-Heroes-2\_incoming\unicorn_balloon RE-001732.png","unicorn_balloon RE-001732.png",".png","4621735","4.41","1666","2400","2400","9/30/2026 9:42:00 AM","OK","Current staged file passes size and dimension checks."
"unionjack_ladylips  RE-001733.png","D:\github\Painting-Heroes-2\_incoming\unionjack_ladylips  RE-001733.png","unionjack_ladylips  RE-001733.png",".png","4226960","4.03","2400","1536","2400","9/30/2026 9:42:05 AM","OK","Current staged file passes size and dimension checks."
"unipig  RE-001734.png","D:\github\Painting-Heroes-2\_incoming\unipig  RE-001734.png","unipig  RE-001734.png",".png","5033791","4.8","1486","2200","2200","9/30/2026 10:21:38 AM","OK","Current staged file passes size and dimension checks."
"urban_bigfoot_stencil EDITED BY XIMENA.png","D:\github\Painting-Heroes-2\_incoming\urban_bigfoot_stencil EDITED BY XIMENA.png","urban_bigfoot_stencil EDITED BY XIMENA.png",".png","4759595","4.54","2200","1364","2200","9/30/2026 10:21:43 AM","OK","Current staged file passes size and dimension checks."
"Walter Water Aqua Ape WORK ON PAPER EDITED BY XIMENA.png","D:\github\Painting-Heroes-2\_incoming\Walter Water Aqua Ape WORK ON PAPER EDITED BY XIMENA.png","Walter Water Aqua Ape WORK ON PAPER EDITED BY XIMENA.png",".png","5013188","4.78","1670","2200","2200","9/30/2026 10:21:51 AM","OK","Current staged file passes size and dimension checks."
"weed seed.png","D:\github\Painting-Heroes-2\_incoming\weed seed.png","weed seed.png",".png","4411648","4.21","1600","1219","1600","9/30/2026 10:17:03 AM","OK","Current staged file passes size and dimension checks."
"yinyang_teens EDITED BY XIMENA.png","D:\github\Painting-Heroes-2\_incoming\yinyang_teens EDITED BY XIMENA.png","yinyang_teens EDITED BY XIMENA.png",".png","5072542","4.84","1575","2400","2400","9/30/2026 9:42:28 AM","OK","Current staged file passes size and dimension checks."
"Young Andy Monotone PAINTING EDITED BY XIMENA.png","D:\github\Painting-Heroes-2\_incoming\Young Andy Monotone PAINTING EDITED BY XIMENA.png","Young Andy Monotone PAINTING EDITED BY XIMENA.png",".png","1123503","1.07","1051","1031","1051","9/30/2026 9:42:40 AM","OK","Current staged file passes size and dimension checks."
"Young Brain PAINTING EDITED BY XIMENA.png","D:\github\Painting-Heroes-2\_incoming\Young Brain PAINTING EDITED BY XIMENA.png","Young Brain PAINTING EDITED BY XIMENA.png",".png","2254099","2.15","969","1330","1330","9/30/2026 9:42:41 AM","OK","Current staged file passes size and dimension checks."
"Younger Waters Aqua Ape WORK ON PAPER EDITED BY XIMENA.png","D:\github\Painting-Heroes-2\_incoming\Younger Waters Aqua Ape WORK ON PAPER EDITED BY XIMENA.png","Younger Waters Aqua Ape WORK ON PAPER EDITED BY XIMENA.png",".png","4890423","4.66","1889","2400","2400","9/30/2026 9:42:47 AM","OK","Current staged file passes size and dimension checks."
"You're Not in Disneyland Anymore (Kaffiyeh Cartoon) PAINTING (2) EDITED BY XIMENA.png","D:\github\Painting-Heroes-2\_incoming\You're Not in Disneyland Anymore (Kaffiyeh Cartoon) PAINTING (2) EDITED BY XIMENA.png","You're Not in Disneyland Anymore (Kaffiyeh Cartoon) PAINTING (2) EDITED BY XIMENA.png",".png","4596369","4.38","1638","2200","2200","9/30/2026 10:22:04 AM","OK","Current staged file passes size and dimension checks."
"You're Not in Disneyland Anymore (Kaffiyeh Cartoon) PAINTING EDITED BY XIMENA.png","D:\github\Painting-Heroes-2\_incoming\You're Not in Disneyland Anymore (Kaffiyeh Cartoon) PAINTING EDITED BY XIMENA.png","You're Not in Disneyland Anymore (Kaffiyeh Cartoon) PAINTING EDITED BY XIMENA.png",".png","4824870","4.6","1606","2200","2200","9/30/2026 10:22:12 AM","OK","Current staged file passes size and dimension checks."
"Zebra Unicorn PAINTING EDITED BY XIMENA.png","D:\github\Painting-Heroes-2\_incoming\Zebra Unicorn PAINTING EDITED BY XIMENA.png","Zebra Unicorn PAINTING EDITED BY XIMENA.png",".png","4381197","4.18","1663","2000","2000","9/30/2026 10:22:40 AM","OK","Current staged file passes size and dimension checks."
"zelefanka 46x56 EDITED BY XIMENA.png","D:\github\Painting-Heroes-2\_incoming\zelefanka 46x56 EDITED BY XIMENA.png","zelefanka 46x56 EDITED BY XIMENA.png",".png","4675029","4.46","1656","2000","2000","9/30/2026 10:23:17 AM","OK","Current staged file passes size and dimension checks."
"zelephant EDITED BY XIMENA.png","D:\github\Painting-Heroes-2\_incoming\zelephant EDITED BY XIMENA.png","zelephant EDITED BY XIMENA.png",".png","5006389","4.77","2200","1418","2200","9/30/2026 10:23:23 AM","OK","Current staged file passes size and dimension checks."
"Zelephant PAINTING EDITED BY XIMENA.png","D:\github\Painting-Heroes-2\_incoming\Zelephant PAINTING EDITED BY XIMENA.png","Zelephant PAINTING EDITED BY XIMENA.png",".png","5210461","4.97","2400","2215","2400","9/30/2026 10:23:35 AM","OK","Current staged file passes size and dimension checks."
"zelephant RE-001737.jpg","D:\github\Painting-Heroes-2\_incoming\zelephant RE-001737.jpg","zelephant RE-001737.jpg",".jpg","946437","0.9","2400","1547","2400","9/30/2026 9:43:12 AM","OK","Current staged file passes size and dimension checks."
"Zembo Boy I PAINTING EDITED BY XIMENA.png","D:\github\Painting-Heroes-2\_incoming\Zembo Boy I PAINTING EDITED BY XIMENA.png","Zembo Boy I PAINTING EDITED BY XIMENA.png",".png","4956482","4.73","1610","2400","2400","9/30/2026 9:43:16 AM","OK","Current staged file passes size and dimension checks."
"Zembo Boy II PAINTING EDITED BY XIMENA.png","D:\github\Painting-Heroes-2\_incoming\Zembo Boy II PAINTING EDITED BY XIMENA.png","Zembo Boy II PAINTING EDITED BY XIMENA.png",".png","3682740","3.51","1408","2116","2116","9/30/2026 9:43:20 AM","OK","Current staged file passes size and dimension checks."
"Zembo Boy Sad PAINTING EDITED BY XIMENA.png","D:\github\Painting-Heroes-2\_incoming\Zembo Boy Sad PAINTING EDITED BY XIMENA.png","Zembo Boy Sad PAINTING EDITED BY XIMENA.png",".png","3449639","3.29","1532","2020","2020","9/30/2026 9:43:23 AM","OK","Current staged file passes size and dimension checks."
"Zembo Boy Serious PAINTING EDITED BY XIMENA.png","D:\github\Painting-Heroes-2\_incoming\Zembo Boy Serious PAINTING EDITED BY XIMENA.png","Zembo Boy Serious PAINTING EDITED BY XIMENA.png",".png","4347863","4.15","1501","2067","2067","9/30/2026 9:43:27 AM","OK","Current staged file passes size and dimension checks."
"Zembo Boy Smoking 1 PAINTING EDITED BY XIMENA.png","D:\github\Painting-Heroes-2\_incoming\Zembo Boy Smoking 1 PAINTING EDITED BY XIMENA.png","Zembo Boy Smoking 1 PAINTING EDITED BY XIMENA.png",".png","3998474","3.81","1808","2400","2400","9/30/2026 9:43:30 AM","OK","Current staged file passes size and dimension checks."
"Zembo Boy Smoking 2 PAINTING EDITED BY XIMENA.png","D:\github\Painting-Heroes-2\_incoming\Zembo Boy Smoking 2 PAINTING EDITED BY XIMENA.png","Zembo Boy Smoking 2 PAINTING EDITED BY XIMENA.png",".png","4844294","4.62","1511","2272","2272","9/30/2026 9:43:34 AM","OK","Current staged file passes size and dimension checks."
"Zembo Boy Smoking 3 PAINTING EDITED BY XIMENA.png","D:\github\Painting-Heroes-2\_incoming\Zembo Boy Smoking 3 PAINTING EDITED BY XIMENA.png","Zembo Boy Smoking 3 PAINTING EDITED BY XIMENA.png",".png","2224970","2.12","1463","2253","2253","9/30/2026 9:43:36 AM","OK","Current staged file passes size and dimension checks."
"Zembo Tramp Boy PAINTING detail.JPG","D:\github\Painting-Heroes-2\_incoming\Zembo Tramp Boy PAINTING detail.JPG","Zembo Tramp Boy PAINTING detail.JPG",".jpg","544772","0.52","2075","2400","2400","9/30/2026 9:43:38 AM","OK","Current staged file passes size and dimension checks."
"Zembo Tramp Boy PAINTING EDITED BY XIMENA.png","D:\github\Painting-Heroes-2\_incoming\Zembo Tramp Boy PAINTING EDITED BY XIMENA.png","Zembo Tramp Boy PAINTING EDITED BY XIMENA.png",".png","5238660","5","1590","2400","2400","9/30/2026 10:23:49 AM","OK","Current staged file passes size and dimension checks."
"Zephyr Kursed PAINTING EDITED BY XIMENA T.png","D:\github\Painting-Heroes-2\_incoming\Zephyr Kursed PAINTING EDITED BY XIMENA T.png","Zephyr Kursed PAINTING EDITED BY XIMENA T.png",".png","3964387","3.78","1575","2400","2400","9/30/2026 9:43:46 AM","OK","Current staged file passes size and dimension checks."
"Zephyr Portrait EDITED BY XIMENA.png","D:\github\Painting-Heroes-2\_incoming\Zephyr Portrait EDITED BY XIMENA.png","Zephyr Portrait EDITED BY XIMENA.png",".png","5113783","4.88","1619","2400","2400","9/30/2026 9:43:51 AM","OK","Current staged file passes size and dimension checks."
"Zephyr the Angel Mermaid PAINTING EDITED BY XIMENA.png","D:\github\Painting-Heroes-2\_incoming\Zephyr the Angel Mermaid PAINTING EDITED BY XIMENA.png","Zephyr the Angel Mermaid PAINTING EDITED BY XIMENA.png",".png","5046872","4.81","1586","2400","2400","9/30/2026 9:43:56 AM","OK","Current staged file passes size and dimension checks."
