"Status","FileName","Source","Destination","Result","Note"
"REVIEW","Backyard Camo Buck and Doe PAINTING EDITED BY XIMENA.png","D:\github\Painting-Heroes-2\_incoming\Backyard Camo Buck and Doe PAINTING EDITED BY XIMENA.png","D:\github\Painting-Heroes-2\_incoming\_needs-review-29\Backyard Camo Buck and Doe PAINTING EDITED BY XIMENA.png","MOVED","Moved into non-confident review folder."
"REVIEW","Camo Buck and Doe PAINTING EDITED BY XIMENA T.png","D:\github\Painting-Heroes-2\_incoming\Camo Buck and Doe PAINTING EDITED BY XIMENA T.png","D:\github\Painting-Heroes-2\_incoming\_needs-review-29\Camo Buck and Doe PAINTING EDITED BY XIMENA T.png","MOVED","Moved into non-confident review folder."
"REVIEW","Dandy Warhol Portrait - Butterfly Eyes PAINTING EDITED BY XIMENA T.png","D:\github\Painting-Heroes-2\_incoming\Dandy Warhol Portrait - Butterfly Eyes PAINTING EDITED BY XIMENA T.png","D:\github\Painting-Heroes-2\_incoming\_needs-review-29\Dandy Warhol Portrait - Butterfly Eyes PAINTING EDITED BY XIMENA T.png","MOVED","Moved into non-confident review folder."
"REVIEW","Dandy Warhol Portrait - Check Mate Tornado PAINTING EDITED BY XIMENA.png","D:\github\Painting-Heroes-2\_incoming\Dandy Warhol Portrait - Check Mate Tornado PAINTING EDITED BY XIMENA.png","D:\github\Painting-Heroes-2\_incoming\_needs-review-29\Dandy Warhol Portrait - Check Mate Tornado PAINTING EDITED BY XIMENA.png","MOVED","Moved into non-confident review folder."
"REVIEW","English - Johnston collaboration - Red Flame Torso PAINTING EDITED BY XIMENA.png","D:\github\Painting-Heroes-2\_incoming\English - Johnston collaboration - Red Flame Torso PAINTING EDITED BY XIMENA.png","D:\github\Painting-Heroes-2\_incoming\_needs-review-29\English - Johnston collaboration - Red Flame Torso PAINTING EDITED BY XIMENA.png","MOVED","Moved into non-confident review folder."
"REVIEW","Hulk Boy WORK ON PAPER EDITED BY XIMENA.png","D:\github\Painting-Heroes-2\_incoming\Hulk Boy WORK ON PAPER EDITED BY XIMENA.png","D:\github\Painting-Heroes-2\_incoming\_needs-review-29\Hulk Boy WORK ON PAPER EDITED BY XIMENA.png","MOVED","Moved into non-confident review folder."
"REVIEW","Iron Man COLLAGE XIMENA.jpg","D:\github\Painting-Heroes-2\_incoming\Iron Man COLLAGE XIMENA.jpg","D:\github\Painting-Heroes-2\_incoming\_needs-review-29\Iron Man COLLAGE XIMENA.jpg","MOVED","Moved into non-confident review folder."
"REVIEW","ladyzilla_bunnny EDITED BY XIMENA.png","D:\github\Painting-Heroes-2\_incoming\ladyzilla_bunnny EDITED BY XIMENA.png","D:\github\Painting-Heroes-2\_incoming\_needs-review-29\ladyzilla_bunnny EDITED BY XIMENA.png","MOVED","Moved into non-confident review folder."
"REVIEW","last_breakfast_with_holyghost EDITED BY XIMENA.png","D:\github\Painting-Heroes-2\_incoming\last_breakfast_with_holyghost EDITED BY XIMENA.png","D:\github\Painting-Heroes-2\_incoming\_needs-review-29\last_breakfast_with_holyghost EDITED BY XIMENA.png","MOVED","Moved into non-confident review folder."
"REVIEW","light cult guernica panel a.png","D:\github\Painting-Heroes-2\_incoming\light cult guernica panel a.png","D:\github\Painting-Heroes-2\_incoming\_needs-review-29\light cult guernica panel a.png","MOVED","Moved into non-confident review folder."
"REVIEW","light cult guernica panel b.png","D:\github\Painting-Heroes-2\_incoming\light cult guernica panel b.png","D:\github\Painting-Heroes-2\_incoming\_needs-review-29\light cult guernica panel b.png","MOVED","Moved into non-confident review folder."
"REVIEW","light cult guernica panel c.png","D:\github\Painting-Heroes-2\_incoming\light cult guernica panel c.png","D:\github\Painting-Heroes-2\_incoming\_needs-review-29\light cult guernica panel c.png","MOVED","Moved into non-confident review folder."
"REVIEW","neurodivergent last supper allouche 72x180 EDITED BY XIMENA.png","D:\github\Painting-Heroes-2\_incoming\neurodivergent last supper allouche 72x180 EDITED BY XIMENA.png","D:\github\Painting-Heroes-2\_incoming\_needs-review-29\neurodivergent last supper allouche 72x180 EDITED BY XIMENA.png","MOVED","Moved into non-confident review folder."
"REVIEW","Sonic Plume PAINTING 2 EDITED BY XIMENA.png","D:\github\Painting-Heroes-2\_incoming\Sonic Plume PAINTING 2 EDITED BY XIMENA.png","D:\github\Painting-Heroes-2\_incoming\_needs-review-29\Sonic Plume PAINTING 2 EDITED BY XIMENA.png","MOVED","Moved into non-confident review folder."
"REVIEW","the ugliest man in the universe drawing EDITED BY XIMENA.png","D:\github\Painting-Heroes-2\_incoming\the ugliest man in the universe drawing EDITED BY XIMENA.png","D:\github\Painting-Heroes-2\_incoming\_needs-review-29\the ugliest man in the universe drawing EDITED BY XIMENA.png","MOVED","Moved into non-confident review folder."
"REVIEW","Walter Water Aqua Ape WORK ON PAPER EDITED BY XIMENA.png","D:\github\Painting-Heroes-2\_incoming\Walter Water Aqua Ape WORK ON PAPER EDITED BY XIMENA.png","D:\github\Painting-Heroes-2\_incoming\_needs-review-29\Walter Water Aqua Ape WORK ON PAPER EDITED BY XIMENA.png","MOVED","Moved into non-confident review folder."
"REVIEW","You're Not in Disneyland Anymore (Kaffiyeh Cartoon) PAINTING (2) EDITED BY XIMENA.png","D:\github\Painting-Heroes-2\_incoming\You're Not in Disneyland Anymore (Kaffiyeh Cartoon) PAINTING (2) EDITED BY XIMENA.png","D:\github\Painting-Heroes-2\_incoming\_needs-review-29\You're Not in Disneyland Anymore (Kaffiyeh Cartoon) PAINTING (2) EDITED BY XIMENA.png","MOVED","Moved into non-confident review folder."
"REVIEW","You're Not in Disneyland Anymore (Kaffiyeh Cartoon) PAINTING EDITED BY XIMENA.png","D:\github\Painting-Heroes-2\_incoming\You're Not in Disneyland Anymore (Kaffiyeh Cartoon) PAINTING EDITED BY XIMENA.png","D:\github\Painting-Heroes-2\_incoming\_needs-review-29\You're Not in Disneyland Anymore (Kaffiyeh Cartoon) PAINTING EDITED BY XIMENA.png","MOVED","Moved into non-confident review folder."
"REVIEW","zelefanka 46x56 EDITED BY XIMENA.png","D:\github\Painting-Heroes-2\_incoming\zelefanka 46x56 EDITED BY XIMENA.png","D:\github\Painting-Heroes-2\_incoming\_needs-review-29\zelefanka 46x56 EDITED BY XIMENA.png","MOVED","Moved into non-confident review folder."
"REVIEW","zelephant EDITED BY XIMENA.png","D:\github\Painting-Heroes-2\_incoming\zelephant EDITED BY XIMENA.png","D:\github\Painting-Heroes-2\_incoming\_needs-review-29\zelephant EDITED BY XIMENA.png","MOVED","Moved into non-confident review folder."
"REVIEW","Zelephant PAINTING EDITED BY XIMENA.png","D:\github\Painting-Heroes-2\_incoming\Zelephant PAINTING EDITED BY XIMENA.png","D:\github\Painting-Heroes-2\_incoming\_needs-review-29\Zelephant PAINTING EDITED BY XIMENA.png","MOVED","Moved into non-confident review folder."
"UNMATCHED","Dr. Bub Quack WORK ON PAPER EDITED BY XIMENA.png","D:\github\Painting-Heroes-2\_incoming\Dr. Bub Quack WORK ON PAPER EDITED BY XIMENA.png","D:\github\Painting-Heroes-2\_incoming\_needs-review-29\Dr. Bub Quack WORK ON PAPER EDITED BY XIMENA.png","MOVED","Moved into non-confident review folder."
"UNMATCHED","English - Johnston collaboration - Torso Foam PAINTING EDITED BY XIMENA.png","D:\github\Painting-Heroes-2\_incoming\English - Johnston collaboration - Torso Foam PAINTING EDITED BY XIMENA.png","D:\github\Painting-Heroes-2\_incoming\_needs-review-29\English - Johnston collaboration - Torso Foam PAINTING EDITED BY XIMENA.png","MOVED","Moved into non-confident review folder."
"UNMATCHED","English - Johnston collaboration - You're So Pathetic PAINTING EDITED BY XIMENA.png","D:\github\Painting-Heroes-2\_incoming\English - Johnston collaboration - You're So Pathetic PAINTING EDITED BY XIMENA.png","D:\github\Painting-Heroes-2\_incoming\_needs-review-29\English - Johnston collaboration - You're So Pathetic PAINTING EDITED BY XIMENA.png","MOVED","Moved into non-confident review folder."
"UNMATCHED","It's the Caffeine PAINTING EDITED BY XIMENA.png","D:\github\Painting-Heroes-2\_incoming\It's the Caffeine PAINTING EDITED BY XIMENA.png","D:\github\Painting-Heroes-2\_incoming\_needs-review-29\It's the Caffeine PAINTING EDITED BY XIMENA.png","MOVED","Moved into non-confident review folder."
"UNMATCHED","punkskunk_landscape EDITED BY XIMENA.png","D:\github\Painting-Heroes-2\_incoming\punkskunk_landscape EDITED BY XIMENA.png","D:\github\Painting-Heroes-2\_incoming\_needs-review-29\punkskunk_landscape EDITED BY XIMENA.png","MOVED","Moved into non-confident review folder."
"UNMATCHED","Rebel Flag PAINTING EDITED BY XIMENA.png","D:\github\Painting-Heroes-2\_incoming\Rebel Flag PAINTING EDITED BY XIMENA.png","D:\github\Painting-Heroes-2\_incoming\_needs-review-29\Rebel Flag PAINTING EDITED BY XIMENA.png","MOVED","Moved into non-confident review folder."
"UNMATCHED","tempertot on white stencil EDITED BY XIMENA.png","D:\github\Painting-Heroes-2\_incoming\tempertot on white stencil EDITED BY XIMENA.png","D:\github\Painting-Heroes-2\_incoming\_needs-review-29\tempertot on white stencil EDITED BY XIMENA.png","MOVED","Moved into non-confident review folder."
"UNMATCHED","yinyang_teens EDITED BY XIMENA.png","D:\github\Painting-Heroes-2\_incoming\yinyang_teens EDITED BY XIMENA.png","D:\github\Painting-Heroes-2\_incoming\_needs-review-29\yinyang_teens EDITED BY XIMENA.png","MOVED","Moved into non-confident review folder."
