"Status","FileName","FilePath","Thumbnail","ThumbnailStatus","FilenameWorkID","MatchWorkID","MatchTitle","MatchYear","Score","Reason","Alternatives","MatchDetailPath"
"REVIEW","Backyard Camo Buck and Doe PAINTING EDITED BY XIMENA.png","D:\github\Painting-Heroes-2\_incoming\Backyard Camo Buck and Doe PAINTING EDITED BY XIMENA.png","D:\github\Painting-Heroes-2\_incoming\_visual-review\thumbs\001.png","OK","","RE-001567","Camo Buck and Doe","2020","0.75","Possible title candidates; manual confirmation required.","Camo Buck and Doe [RE-001567] (0.75) | Camo Buck and Doe [RE-001278] (0.75) | Backyard Camo Buck [RE-000951] (0.75)","D:\github\ron-english-paintings-2020s\detail\paintings\2020s\2020\Camo-Buck-and-Doe.html"
"REVIEW","Camo Buck and Doe PAINTING EDITED BY XIMENA T.png","D:\github\Painting-Heroes-2\_incoming\Camo Buck and Doe PAINTING EDITED BY XIMENA T.png","D:\github\Painting-Heroes-2\_incoming\_visual-review\thumbs\002.png","OK","","RE-001278","Camo Buck and Doe","2015","1","Normalized filename matches multiple catalogue records.","","D:\github\ron-english-paintings-2010s\detail\paintings\2010s\2015\Camo-Buck-and-Doe.html"
"REVIEW","Dandy Warhol Portrait - Butterfly Eyes PAINTING EDITED BY XIMENA T.png","D:\github\Painting-Heroes-2\_incoming\Dandy Warhol Portrait - Butterfly Eyes PAINTING EDITED BY XIMENA T.png","D:\github\Painting-Heroes-2\_incoming\_visual-review\thumbs\003.png","OK","","RE-000503","Dandy Warhol Portrait – Butterfly Eyes","2002","1","Strong fuzzy title candidate; manual confirmation required.","Dandy Warhol Portrait – Butterfly Eyes [RE-000503] (1) | Dandy Warhol Portrait – Courtney [RE-000505] (0.5)","D:\github\ron-english-paintings-2000s\detail\paintings\2000s\2002\Dandy-Warhol-Portrait-Butterfly-Eyes.html"
"REVIEW","Dandy Warhol Portrait - Check Mate Tornado PAINTING EDITED BY XIMENA.png","D:\github\Painting-Heroes-2\_incoming\Dandy Warhol Portrait - Check Mate Tornado PAINTING EDITED BY XIMENA.png","D:\github\Painting-Heroes-2\_incoming\_visual-review\thumbs\004.png","OK","","RE-000504","Dandy Warhol Portrait – Check Mate Tornado","2002","1","Strong fuzzy title candidate; manual confirmation required.","Dandy Warhol Portrait – Check Mate Tornado [RE-000504] (1)","D:\github\ron-english-paintings-2000s\detail\paintings\2000s\2002\Dandy-Warhol-Portrait-Check-Mate-Tornado.html"
"REVIEW","English - Johnston collaboration - Red Flame Torso PAINTING EDITED BY XIMENA.png","D:\github\Painting-Heroes-2\_incoming\English - Johnston collaboration - Red Flame Torso PAINTING EDITED BY XIMENA.png","D:\github\Painting-Heroes-2\_incoming\_visual-review\thumbs\005.png","OK","","RE-000358","Red Flame Torso","1998","0.5","Possible title candidates; manual confirmation required.","Red Flame Torso [RE-000358] (0.5)","D:\github\ron-english-paintings-1990s\detail\paintings\1990s\1998\English-Johnston-collaboration-Red-Flame-Torso.html"
"REVIEW","Hulk Boy WORK ON PAPER EDITED BY XIMENA.png","D:\github\Painting-Heroes-2\_incoming\Hulk Boy WORK ON PAPER EDITED BY XIMENA.png","D:\github\Painting-Heroes-2\_incoming\_visual-review\thumbs\006.png","OK","","RE-000671","Hulk Boy","2006","1","Normalized filename matches multiple catalogue records.","","D:\github\ron-english-paintings-2000s\detail\paintings\2000s\2006\Hulk-Boy.html"
"REVIEW","Iron Man COLLAGE XIMENA.jpg","D:\github\Painting-Heroes-2\_incoming\Iron Man COLLAGE XIMENA.jpg","D:\github\Painting-Heroes-2\_incoming\_visual-review\thumbs\007.jpg","OK","","RE-001059","Iron Man Collage","2011","0.6667","Possible title candidates; manual confirmation required.","Iron Man Collage [RE-001059] (0.6667) | Iron Man [RE-000816] (0.6667)","D:\github\ron-english-paintings-2010s\detail\paintings\2010s\2011\Iron-Man-Collage.html"
"REVIEW","ladyzilla_bunnny EDITED BY XIMENA.png","D:\github\Painting-Heroes-2\_incoming\ladyzilla_bunnny EDITED BY XIMENA.png","D:\github\Painting-Heroes-2\_incoming\_visual-review\thumbs\008.png","OK","","RE-001706","Ladyzilla with Bunnny","2025","1","Strong fuzzy title candidate; manual confirmation required.","Ladyzilla with Bunnny [RE-001706] (1) | Bunnny X [RE-000783] (0.5)","D:\github\ron-english-paintings-2020s\detail\paintings\2020s\2025\Ladyzilla-Bunnny.html"
"REVIEW","last_breakfast_with_holyghost EDITED BY XIMENA.png","D:\github\Painting-Heroes-2\_incoming\last_breakfast_with_holyghost EDITED BY XIMENA.png","D:\github\Painting-Heroes-2\_incoming\_visual-review\thumbs\009.png","OK","","RE-000675","Last Breakfast","2006","0.6667","Possible title candidates; manual confirmation required.","Last Breakfast [RE-000675] (0.6667) | Last Fat Breakfast [RE-001131] (0.5)","D:\github\ron-english-paintings-2000s\detail\paintings\2000s\2006\Last-Breakfast.html"
"REVIEW","light cult guernica panel a.png","D:\github\Painting-Heroes-2\_incoming\light cult guernica panel a.png","D:\github\Painting-Heroes-2\_incoming\_visual-review\thumbs\010.png","OK","","RE-015238","Light Cult Guernica","2026","0.75","Possible title candidates; manual confirmation required.","Light Cult Guernica [RE-015238] (0.75)","D:\github\ron-english-paintings-2020s\detail\paintings\2020s\2026\Beau-Lief-Triptych.html"
"REVIEW","light cult guernica panel b.png","D:\github\Painting-Heroes-2\_incoming\light cult guernica panel b.png","D:\github\Painting-Heroes-2\_incoming\_visual-review\thumbs\011.png","OK","","RE-015238","Light Cult Guernica","2026","0.75","Possible title candidates; manual confirmation required.","Light Cult Guernica [RE-015238] (0.75)","D:\github\ron-english-paintings-2020s\detail\paintings\2020s\2026\Beau-Lief-Triptych.html"
"REVIEW","light cult guernica panel c.png","D:\github\Painting-Heroes-2\_incoming\light cult guernica panel c.png","D:\github\Painting-Heroes-2\_incoming\_visual-review\thumbs\012.png","OK","","RE-015238","Light Cult Guernica","2026","0.75","Possible title candidates; manual confirmation required.","Light Cult Guernica [RE-015238] (0.75)","D:\github\ron-english-paintings-2020s\detail\paintings\2020s\2026\Beau-Lief-Triptych.html"
"REVIEW","neurodivergent last supper allouche 72x180 EDITED BY XIMENA.png","D:\github\Painting-Heroes-2\_incoming\neurodivergent last supper allouche 72x180 EDITED BY XIMENA.png","D:\github\Painting-Heroes-2\_incoming\_visual-review\thumbs\013.png","OK","","RE-001731","The Neurodivergent Last Supper","2025","0.6","Possible title candidates; manual confirmation required.","The Neurodivergent Last Supper [RE-001731] (0.6)","D:\github\ron-english-paintings-2020s\detail\paintings\2020s\2025\The-Neurodivergent-Last-Supper.html"
"REVIEW","Sonic Plume PAINTING 2 EDITED BY XIMENA.png","D:\github\Painting-Heroes-2\_incoming\Sonic Plume PAINTING 2 EDITED BY XIMENA.png","D:\github\Painting-Heroes-2\_incoming\_visual-review\thumbs\014.png","OK","","RE-000755","Sonic Plume","2007","1","Strong fuzzy title candidate; manual confirmation required.","Sonic Plume [RE-000755] (1)","D:\github\ron-english-paintings-2000s\detail\paintings\2000s\2007\Sonic-Plume.html"
"REVIEW","the ugliest man in the universe drawing EDITED BY XIMENA.png","D:\github\Painting-Heroes-2\_incoming\the ugliest man in the universe drawing EDITED BY XIMENA.png","D:\github\Painting-Heroes-2\_incoming\_visual-review\thumbs\015.png","OK","","RE-011971","The Ugliest Man in the Universe","2026","0.75","Possible title candidates; manual confirmation required.","The Ugliest Man in the Universe [RE-011971] (0.75)","D:\github\ron-english-paintings-2020s\detail\paintings\2020s\2026\The-Ugliest-Man-in-the-Universe.html"
"REVIEW","Walter Water Aqua Ape WORK ON PAPER EDITED BY XIMENA.png","D:\github\Painting-Heroes-2\_incoming\Walter Water Aqua Ape WORK ON PAPER EDITED BY XIMENA.png","D:\github\Painting-Heroes-2\_incoming\_visual-review\thumbs\016.png","OK","","RE-001561","Walter Waters Aqua Ape","2019","0.6","Possible title candidates; manual confirmation required.","Walter Waters Aqua Ape [RE-001561] (0.6)","D:\github\ron-english-paintings-2010s\detail\paintings\2010s\2019\Walter-Water-Aqua-Ape.html"
"REVIEW","You're Not in Disneyland Anymore (Kaffiyeh Cartoon) PAINTING (2) EDITED BY XIMENA.png","D:\github\Painting-Heroes-2\_incoming\You're Not in Disneyland Anymore (Kaffiyeh Cartoon) PAINTING (2) EDITED BY XIMENA.png","D:\github\Painting-Heroes-2\_incoming\_visual-review\thumbs\017.png","OK","","RE-000764","You're Not in Disneyland Anymore","2007","0.625","Possible title candidates; manual confirmation required.","You're Not in Disneyland Anymore [RE-000764] (0.625)","D:\github\ron-english-paintings-2000s\detail\paintings\2000s\2007\Youre-Not-in-Disneyland-Anymore.html"
"REVIEW","You're Not in Disneyland Anymore (Kaffiyeh Cartoon) PAINTING EDITED BY XIMENA.png","D:\github\Painting-Heroes-2\_incoming\You're Not in Disneyland Anymore (Kaffiyeh Cartoon) PAINTING EDITED BY XIMENA.png","D:\github\Painting-Heroes-2\_incoming\_visual-review\thumbs\018.png","OK","","RE-000764","You're Not in Disneyland Anymore","2007","0.7143","Possible title candidates; manual confirmation required.","You're Not in Disneyland Anymore [RE-000764] (0.7143)","D:\github\ron-english-paintings-2000s\detail\paintings\2000s\2007\Youre-Not-in-Disneyland-Anymore.html"
"REVIEW","zelefanka 46x56 EDITED BY XIMENA.png","D:\github\Painting-Heroes-2\_incoming\zelefanka 46x56 EDITED BY XIMENA.png","D:\github\Painting-Heroes-2\_incoming\_visual-review\thumbs\019.png","OK","","RE-001654","Zelefanka","2022","0.5","Possible title candidates; manual confirmation required.","Zelefanka [RE-001654] (0.5)","D:\github\ron-english-paintings-2020s\detail\paintings\2020s\2022\Zelefanka.html"
"REVIEW","zelephant EDITED BY XIMENA.png","D:\github\Painting-Heroes-2\_incoming\zelephant EDITED BY XIMENA.png","D:\github\Painting-Heroes-2\_incoming\_visual-review\thumbs\020.png","OK","","RE-001266","Zelephant","2014","1","Normalized filename matches multiple catalogue records.","","D:\github\ron-english-paintings-2010s\detail\paintings\2010s\2014\Zelephant.html"
"REVIEW","Zelephant PAINTING EDITED BY XIMENA.png","D:\github\Painting-Heroes-2\_incoming\Zelephant PAINTING EDITED BY XIMENA.png","D:\github\Painting-Heroes-2\_incoming\_visual-review\thumbs\021.png","OK","","RE-001266","Zelephant","2014","1","Normalized filename matches multiple catalogue records.","","D:\github\ron-english-paintings-2010s\detail\paintings\2010s\2014\Zelephant.html"
"UNMATCHED","Dr. Bub Quack WORK ON PAPER EDITED BY XIMENA.png","D:\github\Painting-Heroes-2\_incoming\Dr. Bub Quack WORK ON PAPER EDITED BY XIMENA.png","D:\github\Painting-Heroes-2\_incoming\_visual-review\thumbs\022.png","OK","","","","","0","No Work ID or useful title candidate found.","",""
"UNMATCHED","English - Johnston collaboration - Torso Foam PAINTING EDITED BY XIMENA.png","D:\github\Painting-Heroes-2\_incoming\English - Johnston collaboration - Torso Foam PAINTING EDITED BY XIMENA.png","D:\github\Painting-Heroes-2\_incoming\_visual-review\thumbs\023.png","OK","","","","","0","No Work ID or useful title candidate found.","",""
"UNMATCHED","English - Johnston collaboration - You're So Pathetic PAINTING EDITED BY XIMENA.png","D:\github\Painting-Heroes-2\_incoming\English - Johnston collaboration - You're So Pathetic PAINTING EDITED BY XIMENA.png","D:\github\Painting-Heroes-2\_incoming\_visual-review\thumbs\024.png","OK","","","","","0","No Work ID or useful title candidate found.","",""
"UNMATCHED","It's the Caffeine PAINTING EDITED BY XIMENA.png","D:\github\Painting-Heroes-2\_incoming\It's the Caffeine PAINTING EDITED BY XIMENA.png","D:\github\Painting-Heroes-2\_incoming\_visual-review\thumbs\025.png","OK","","","","","0","No Work ID or useful title candidate found.","",""
"UNMATCHED","punkskunk_landscape EDITED BY XIMENA.png","D:\github\Painting-Heroes-2\_incoming\punkskunk_landscape EDITED BY XIMENA.png","D:\github\Painting-Heroes-2\_incoming\_visual-review\thumbs\026.png","OK","","","","","0","No Work ID or useful title candidate found.","",""
"UNMATCHED","Rebel Flag PAINTING EDITED BY XIMENA.png","D:\github\Painting-Heroes-2\_incoming\Rebel Flag PAINTING EDITED BY XIMENA.png","D:\github\Painting-Heroes-2\_incoming\_visual-review\thumbs\027.png","OK","","","","","0","No Work ID or useful title candidate found.","",""
"UNMATCHED","tempertot on white stencil EDITED BY XIMENA.png","D:\github\Painting-Heroes-2\_incoming\tempertot on white stencil EDITED BY XIMENA.png","D:\github\Painting-Heroes-2\_incoming\_visual-review\thumbs\028.png","OK","","","","","0","No Work ID or useful title candidate found.","",""
"UNMATCHED","yinyang_teens EDITED BY XIMENA.png","D:\github\Painting-Heroes-2\_incoming\yinyang_teens EDITED BY XIMENA.png","D:\github\Painting-Heroes-2\_incoming\_visual-review\thumbs\029.png","OK","","","","","0","No Work ID or useful title candidate found.","",""
